N,|E1/B0_eff|,|E2/B0_eff|
3,0.011852597,0.015244156
4,0.006914723,0.009504587
5,0.004560052,0.006588036
6,0.003237673,0.00487004
7,0.002416978,0.003761939
8,0.001871537,0.003001173
9,0.001490339,0.002454283
10,0.001213419,0.002046939
11,0.001005962,0.001734823
12,0.000846589,0.00149007
13,0.000721563,0.001294397
14,0.000621727,0.001135378
15,0.000540782,0.001004313
16,0.00047428,0.000894956
17,0.000419005,0.000802726
18,0.000372587,0.000724196
19,0.00033325,0.000656761
20,0.000299638,0.000598412
21,0.000270705,0.000547575
22,0.00024563,0.000503005
23,0.000223766,0.000463707
24,0.000204594,0.000428877
25,0.000187697,0.000397858
26,0.000172732,0.00037011
27,0.000159421,0.000345188
28,0.000147533,0.000322717
29,0.000136874,0.000302386
30,0.000127284,0.00028393
31,0.000118626,0.000267124
32,0.000110787,0.000251776
33,0.000103667,0.000237722
34,9.71832E-05,0.000224819
35,9.1263E-05,0.000212945
36,8.58441E-05,0.000201993
37,8.08727E-05,0.00019187
38,7.63018E-05,0.000182492
39,7.20902E-05,0.00017379
40,6.82021E-05,0.000165699
41,6.46059E-05,0.000158163
42,6.12735E-05,0.000151133
43,5.81805E-05,0.000144563
44,5.53048E-05,0.000138415
45,5.2627E-05,0.000132653
46,5.01298E-05,0.000127246
47,4.77976E-05,0.000122164
48,4.56165E-05,0.000117382
49,4.35741E-05,0.000112877
50,4.16591E-05,0.000108627
51,3.98613E-05,0.000104615
52,3.81716E-05,0.000100822
53,3.65817E-05,9.7232E-05
54,3.50841E-05,9.38318E-05
55,3.3672E-05,9.06079E-05
56,3.23391E-05,8.75481E-05
57,3.10797E-05,8.46415E-05
58,2.98886E-05,8.1878E-05
59,2.87612E-05,7.92484E-05
60,2.76931E-05,7.67441E-05
61,2.66803E-05,7.43573E-05
62,2.57191E-05,7.20807E-05
63,2.48062E-05,6.99076E-05
64,2.39384E-05,6.78319E-05
65,2.3113E-05,6.58477E-05
66,2.23273E-05,6.39498E-05
67,2.15788E-05,6.21332E-05
68,2.08653E-05,6.03934E-05
69,2.01847E-05,5.8726E-05
70,1.95351E-05,5.71271E-05
71,1.89146E-05,5.5593E-05
72,1.83216E-05,5.41202E-05
73,1.77545E-05,5.27054E-05
74,1.72119E-05,5.13458E-05
75,1.66925E-05,5.00383E-05
76,1.61949E-05,4.87805E-05
77,1.57179E-05,4.75698E-05
78,1.52606E-05,4.64038E-05
79,1.48218E-05,4.52805E-05
80,1.44007E-05,4.41976E-05
81,1.39962E-05,4.31534E-05
82,1.36076E-05,4.2146E-05
83,1.3234E-05,4.11737E-05
84,1.28747E-05,4.02348E-05
85,1.2529E-05,3.93278E-05
86,1.21963E-05,3.84514E-05
87,1.18759E-05,3.76041E-05
88,1.15673E-05,3.67847E-05
89,1.12698E-05,3.5992E-05
90,1.0983E-05,3.52247E-05
91,1.07064E-05,3.44819E-05
92,1.04395E-05,3.37625E-05
93,1.01819E-05,3.30655E-05
94,9.93314E-06,3.239E-05
95,9.69287E-06,3.17352E-05
96,9.46071E-06,3.11001E-05
97,9.23631E-06,3.0484E-05
98,9.01933E-06,2.98862E-05
99,8.80947E-06,2.93059E-05
100,8.60641E-06,2.87424E-05
101,8.40989E-06,2.81952E-05
102,8.21963E-06,2.76635E-05
103,8.03537E-06,2.71468E-05
104,7.85688E-06,2.66446E-05
105,7.68392E-06,2.61563E-05
106,7.51627E-06,2.56814E-05
107,7.35372E-06,2.52193E-05
108,7.19608E-06,2.47698E-05
109,7.04315E-06,2.43322E-05
110,6.89476E-06,2.39062E-05
111,6.75073E-06,2.34914E-05
112,6.6109E-06,2.30873E-05
113,6.47511E-06,2.26937E-05
114,6.34321E-06,2.23101E-05
115,6.21506E-06,2.19362E-05
116,6.09053E-06,2.15718E-05
117,5.96947E-06,2.12164E-05
118,5.85177E-06,2.08697E-05
119,5.73731E-06,2.05316E-05
120,5.62598E-06,2.02017E-05
121,5.51766E-06,1.98797E-05
122,5.41225E-06,1.95654E-05
123,5.30965E-06,1.92586E-05
124,5.20976E-06,1.8959E-05
125,5.11249E-06,1.86664E-05
126,5.01776E-06,1.83805E-05
127,4.92548E-06,1.81012E-05
128,4.83557E-06,1.78283E-05
129,4.74795E-06,1.75616E-05
130,4.66254E-06,1.73008E-05
131,4.57928E-06,1.70459E-05
132,4.49809E-06,1.67966E-05
133,4.41891E-06,1.65528E-05
134,4.34168E-06,1.63143E-05
135,4.26633E-06,1.60809E-05
136,4.1928E-06,1.58526E-05
137,4.12105E-06,1.56291E-05
138,4.051E-06,1.54104E-05
139,3.98262E-06,1.51962E-05
140,3.91585E-06,1.49866E-05
141,3.85064E-06,1.47813E-05
142,3.78695E-06,1.45802E-05
143,3.72473E-06,1.43832E-05
144,3.66393E-06,1.41902E-05
145,3.60452E-06,1.40011E-05
146,3.54646E-06,1.38158E-05
147,3.4897E-06,1.36342E-05
148,3.4342E-06,1.34561E-05
149,3.37994E-06,1.32816E-05
150,3.32688E-06,1.31105E-05
151,3.27498E-06,1.29427E-05
152,3.2242E-06,1.27781E-05
153,3.17453E-06,1.26166E-05
154,3.12593E-06,1.24583E-05
155,3.07836E-06,1.23029E-05
156,3.0318E-06,1.21504E-05
157,2.98623E-06,1.20008E-05
158,2.94161E-06,1.18539E-05
159,2.89793E-06,1.17098E-05
160,2.85515E-06,1.15683E-05
161,2.81325E-06,1.14293E-05
162,2.77221E-06,1.12929E-05
163,2.732E-06,1.11589E-05
164,2.69261E-06,1.10274E-05
165,2.65401E-06,1.08981E-05
166,2.61619E-06,1.07711E-05
167,2.57911E-06,1.06464E-05
168,2.54277E-06,1.05238E-05
169,2.50715E-06,1.04034E-05
170,2.47222E-06,1.0285E-05
171,2.43797E-06,1.01687E-05
172,2.40438E-06,1.00544E-05
173,2.37144E-06,9.94193E-06
174,2.33913E-06,9.83141E-06
175,2.30743E-06,9.72274E-06
176,2.27634E-06,9.61587E-06
177,2.24583E-06,9.51078E-06
178,2.21588E-06,9.40742E-06
179,2.1865E-06,9.30574E-06
180,2.15766E-06,9.20573E-06
181,2.12935E-06,9.10733E-06
182,2.10156E-06,9.01052E-06
183,2.07428E-06,8.91527E-06
184,2.04749E-06,8.82152E-06
185,2.02119E-06,8.72927E-06
186,1.99535E-06,8.63847E-06
187,1.96998E-06,8.54909E-06
188,1.94506E-06,8.46111E-06
189,1.92057E-06,8.37449E-06
190,1.89652E-06,8.28921E-06
191,1.87289E-06,8.20524E-06
192,1.84967E-06,8.12255E-06
193,1.82685E-06,8.04112E-06
194,1.80443E-06,7.96092E-06
195,1.78238E-06,7.88192E-06
196,1.76072E-06,7.80411E-06
197,1.73942E-06,7.72746E-06
198,1.71849E-06,7.65194E-06
199,1.6979E-06,7.57754E-06
200,1.67766E-06,7.50423E-06
201,1.65775E-06,7.43198E-06
202,1.63818E-06,7.36079E-06
203,1.61893E-06,7.29063E-06
204,1.59999E-06,7.22147E-06
205,1.58137E-06,7.15331E-06
206,1.56304E-06,7.08612E-06
207,1.54501E-06,7.01988E-06
208,1.52728E-06,6.95457E-06
209,1.50982E-06,6.89018E-06
210,1.49265E-06,6.82669E-06
211,1.47575E-06,6.76409E-06
212,1.45912E-06,6.70235E-06
213,1.44274E-06,6.64146E-06
214,1.42663E-06,6.58141E-06
215,1.41076E-06,6.52217E-06
216,1.39515E-06,6.46375E-06
217,1.37977E-06,6.40611E-06
218,1.36463E-06,6.34925E-06
219,1.34972E-06,6.29315E-06
220,1.33504E-06,6.2378E-06
221,1.32059E-06,6.18318E-06
222,1.30635E-06,6.12929E-06
223,1.29232E-06,6.0761E-06
224,1.27851E-06,6.02362E-06
225,1.2649E-06,5.97182E-06
226,1.2515E-06,5.92069E-06
227,1.23829E-06,5.87022E-06
228,1.22528E-06,5.82041E-06
229,1.21246E-06,5.77123E-06
230,1.19982E-06,5.72268E-06
231,1.18737E-06,5.67474E-06
232,1.17511E-06,5.62742E-06
233,1.16301E-06,5.58069E-06
234,1.15109E-06,5.53454E-06
235,1.13935E-06,5.48898E-06
236,1.12777E-06,5.44398E-06
237,1.11635E-06,5.39954E-06
238,1.1051E-06,5.35564E-06
239,1.094E-06,5.31229E-06
240,1.08306E-06,5.26947E-06
241,1.07227E-06,5.22716E-06
242,1.06164E-06,5.18538E-06
243,1.05115E-06,5.14409E-06
244,1.0408E-06,5.10331E-06
245,1.0306E-06,5.06301E-06
246,1.02053E-06,5.02319E-06
247,1.01061E-06,4.98385E-06
248,1.00082E-06,4.94498E-06
249,9.9116E-07,4.90656E-06
250,9.81631E-07,4.86859E-06
251,9.72231E-07,4.83107E-06
252,9.62957E-07,4.79399E-06
253,9.53806E-07,4.75733E-06
254,9.44777E-07,4.7211E-06
255,9.35867E-07,4.68529E-06
256,9.27075E-07,4.64989E-06
257,9.18398E-07,4.61489E-06
258,9.09834E-07,4.58029E-06
259,9.01382E-07,4.54609E-06
260,8.9304E-07,4.51227E-06
261,8.84805E-07,4.47883E-06
262,8.76677E-07,4.44576E-06
263,8.68653E-07,4.41307E-06
264,8.60732E-07,4.38074E-06
265,8.52912E-07,4.34877E-06
266,8.45191E-07,4.31715E-06
267,8.37567E-07,4.28588E-06
268,8.3004E-07,4.25495E-06
269,8.22607E-07,4.22436E-06
270,8.15268E-07,4.1941E-06
271,8.0802E-07,4.16417E-06
272,8.00861E-07,4.13457E-06
273,7.93792E-07,4.10528E-06
274,7.8681E-07,4.07631E-06
275,7.79913E-07,4.04764E-06
276,7.73101E-07,4.01928E-06
277,7.66373E-07,3.99123E-06
278,7.59726E-07,3.96347E-06
279,7.53159E-07,3.936E-06
280,7.46672E-07,3.90882E-06
281,7.40263E-07,3.88192E-06
282,7.33931E-07,3.8553E-06
283,7.27675E-07,3.82896E-06
284,7.21493E-07,3.8029E-06
285,7.15385E-07,3.7771E-06
286,7.09349E-07,3.75157E-06
287,7.03384E-07,3.72629E-06
288,6.97489E-07,3.70128E-06
289,6.91663E-07,3.67652E-06
290,6.85906E-07,3.65201E-06
291,6.80215E-07,3.62775E-06
292,6.7459E-07,3.60373E-06
293,6.69031E-07,3.57996E-06
294,6.63535E-07,3.55642E-06
295,6.58103E-07,3.53312E-06
296,6.52732E-07,3.51004E-06
297,6.47423E-07,3.4872E-06
298,6.42175E-07,3.46458E-06
299,6.36985E-07,3.44218E-06
300,6.31855E-07,3.42001E-06
301,6.26782E-07,3.39804E-06
302,6.21766E-07,3.3763E-06
303,6.16806E-07,3.35476E-06
304,6.11902E-07,3.33343E-06
305,6.07052E-07,3.31231E-06
306,6.02256E-07,3.29139E-06
307,5.97513E-07,3.27067E-06
308,5.92822E-07,3.25015E-06
309,5.88182E-07,3.22982E-06
310,5.83594E-07,3.20969E-06
311,5.79055E-07,3.18975E-06
312,5.74566E-07,3.16999E-06
313,5.70125E-07,3.15042E-06
314,5.65733E-07,3.13103E-06
315,5.61387E-07,3.11183E-06
316,5.57089E-07,3.0928E-06
317,5.52836E-07,3.07395E-06
318,5.48629E-07,3.05527E-06
319,5.44467E-07,3.03677E-06
320,5.40348E-07,3.01843E-06
321,5.36274E-07,3.00026E-06
322,5.32242E-07,2.98226E-06
323,5.28253E-07,2.96442E-06
324,5.24305E-07,2.94675E-06
325,5.20399E-07,2.92923E-06
326,5.16533E-07,2.91187E-06
327,5.12708E-07,2.89467E-06
328,5.08922E-07,2.87763E-06
329,5.05176E-07,2.86073E-06
330,5.01468E-07,2.84398E-06
331,4.97797E-07,2.82739E-06
332,4.94165E-07,2.81094E-06
333,4.9057E-07,2.79463E-06
334,4.87011E-07,2.77847E-06
335,4.83488E-07,2.76245E-06
336,4.80001E-07,2.74657E-06
337,4.76549E-07,2.73083E-06
338,4.73132E-07,2.71523E-06
339,4.69749E-07,2.69976E-06
340,4.664E-07,2.68443E-06
341,4.63085E-07,2.66922E-06
342,4.59802E-07,2.65415E-06
343,4.56552E-07,2.63921E-06
344,4.53334E-07,2.62439E-06
345,4.50148E-07,2.6097E-06
346,4.46993E-07,2.59514E-06
347,4.43869E-07,2.5807E-06
348,4.40775E-07,2.56638E-06
349,4.37712E-07,2.55218E-06
350,4.34679E-07,2.5381E-06
351,4.31675E-07,2.52414E-06
352,4.287E-07,2.5103E-06
353,4.25753E-07,2.49657E-06
354,4.22835E-07,2.48295E-06
355,4.19945E-07,2.46945E-06
356,4.17083E-07,2.45606E-06
357,4.14248E-07,2.44278E-06
358,4.1144E-07,2.4296E-06
359,4.08658E-07,2.41654E-06
360,4.05903E-07,2.40358E-06
361,4.03174E-07,2.39073E-06
362,4.0047E-07,2.37798E-06
363,3.97792E-07,2.36534E-06
364,3.95139E-07,2.35279E-06
365,3.92511E-07,2.34035E-06
366,3.89907E-07,2.32801E-06
367,3.87327E-07,2.31577E-06
368,3.84771E-07,2.30362E-06
369,3.82239E-07,2.29157E-06
370,3.7973E-07,2.27962E-06
371,3.77244E-07,2.26776E-06
372,3.74781E-07,2.256E-06
373,3.72341E-07,2.24433E-06
374,3.69922E-07,2.23275E-06
375,3.67526E-07,2.22126E-06
376,3.65151E-07,2.20986E-06
377,3.62798E-07,2.19855E-06
378,3.60466E-07,2.18732E-06
379,3.58155E-07,2.17619E-06
380,3.55865E-07,2.16514E-06
381,3.53596E-07,2.15417E-06
382,3.51346E-07,2.14329E-06
383,3.49117E-07,2.1325E-06
384,3.46907E-07,2.12178E-06
385,3.44717E-07,2.11115E-06
386,3.42546E-07,2.1006E-06
387,3.40395E-07,2.09013E-06
388,3.38262E-07,2.07973E-06
389,3.36148E-07,2.06942E-06
390,3.34053E-07,2.05918E-06
391,3.31975E-07,2.04903E-06
392,3.29916E-07,2.03894E-06
393,3.27875E-07,2.02893E-06
394,3.25852E-07,2.019E-06
395,3.23846E-07,2.00914E-06
396,3.21857E-07,1.99936E-06
397,3.19885E-07,1.98964E-06
398,3.1793E-07,1.98E-06
399,3.15992E-07,1.97043E-06
400,3.14071E-07,1.96093E-06
401,3.12166E-07,1.9515E-06
402,3.10277E-07,1.94214E-06
403,3.08404E-07,1.93284E-06
404,3.06547E-07,1.92362E-06
405,3.04705E-07,1.91446E-06
406,3.02879E-07,1.90537E-06
407,3.01069E-07,1.89634E-06
408,2.99273E-07,1.88738E-06
409,2.97493E-07,1.87848E-06
410,2.95727E-07,1.86964E-06
411,2.93976E-07,1.86087E-06
412,2.92239E-07,1.85216E-06
413,2.90517E-07,1.84352E-06
414,2.88809E-07,1.83493E-06
415,2.87116E-07,1.82641E-06
416,2.85436E-07,1.81794E-06
417,2.83769E-07,1.80954E-06
418,2.82117E-07,1.80119E-06
419,2.80478E-07,1.79291E-06
420,2.78852E-07,1.78468E-06
421,2.77239E-07,1.77651E-06
422,2.7564E-07,1.76839E-06
423,2.74053E-07,1.76033E-06
424,2.7248E-07,1.75233E-06
425,2.70918E-07,1.74438E-06
426,2.6937E-07,1.73649E-06
427,2.67834E-07,1.72865E-06
428,2.6631E-07,1.72087E-06
429,2.64798E-07,1.71314E-06
430,2.63298E-07,1.70546E-06
431,2.6181E-07,1.69783E-06
432,2.60334E-07,1.69026E-06
433,2.5887E-07,1.68273E-06
434,2.57417E-07,1.67526E-06
435,2.55975E-07,1.66784E-06
436,2.54545E-07,1.66047E-06
437,2.53126E-07,1.65315E-06
438,2.51718E-07,1.64587E-06
439,2.50321E-07,1.63865E-06
440,2.48935E-07,1.63147E-06
441,2.4756E-07,1.62435E-06
442,2.46195E-07,1.61726E-06
443,2.44841E-07,1.61023E-06
444,2.43497E-07,1.60324E-06
445,2.42164E-07,1.5963E-06
446,2.40841E-07,1.58941E-06
447,2.39528E-07,1.58256E-06
448,2.38225E-07,1.57575E-06
449,2.36932E-07,1.56899E-06
450,2.35648E-07,1.56227E-06
451,2.34375E-07,1.5556E-06
452,2.33111E-07,1.54897E-06
453,2.31857E-07,1.54238E-06
454,2.30612E-07,1.53584E-06
455,2.29376E-07,1.52934E-06
456,2.2815E-07,1.52288E-06
457,2.26933E-07,1.51646E-06
458,2.25725E-07,1.51008E-06
459,2.24526E-07,1.50375E-06
460,2.23336E-07,1.49745E-06
461,2.22155E-07,1.49119E-06
462,2.20982E-07,1.48498E-06
463,2.19819E-07,1.4788E-06
464,2.18664E-07,1.47266E-06
465,2.17517E-07,1.46656E-06
466,2.16379E-07,1.4605E-06
467,2.15249E-07,1.45448E-06
468,2.14127E-07,1.4485E-06
469,2.13014E-07,1.44255E-06
470,2.11908E-07,1.43664E-06
471,2.10811E-07,1.43077E-06
472,2.09722E-07,1.42493E-06
473,2.0864E-07,1.41913E-06
474,2.07567E-07,1.41336E-06
475,2.06501E-07,1.40763E-06
476,2.05443E-07,1.40194E-06
477,2.04392E-07,1.39628E-06
478,2.03349E-07,1.39066E-06
479,2.02313E-07,1.38507E-06
480,2.01285E-07,1.37951E-06
481,2.00264E-07,1.37399E-06
482,1.9925E-07,1.36851E-06
483,1.98244E-07,1.36305E-06
484,1.97245E-07,1.35763E-06
485,1.96252E-07,1.35224E-06
486,1.95267E-07,1.34689E-06
487,1.94289E-07,1.34156E-06
488,1.93317E-07,1.33627E-06
489,1.92353E-07,1.33101E-06
490,1.91395E-07,1.32578E-06
491,1.90443E-07,1.32059E-06
492,1.89499E-07,1.31542E-06
493,1.88561E-07,1.31029E-06
494,1.87629E-07,1.30518E-06
495,1.86704E-07,1.30011E-06
496,1.85786E-07,1.29506E-06
497,1.84873E-07,1.29005E-06
498,1.83967E-07,1.28506E-06
499,1.83067E-07,1.28011E-06
500,1.82174E-07,1.27518E-06
501,1.81286E-07,1.27028E-06
502,1.80405E-07,1.26541E-06
503,1.79529E-07,1.26057E-06
504,1.78659E-07,1.25576E-06
505,1.77796E-07,1.25097E-06
506,1.76938E-07,1.24622E-06
507,1.76086E-07,1.24149E-06
508,1.7524E-07,1.23679E-06
509,1.74399E-07,1.23211E-06
510,1.73564E-07,1.22746E-06
511,1.72735E-07,1.22284E-06
512,1.71911E-07,1.21825E-06
513,1.71093E-07,1.21368E-06
514,1.70281E-07,1.20914E-06
515,1.69473E-07,1.20462E-06
516,1.68671E-07,1.20013E-06
517,1.67875E-07,1.19566E-06
518,1.67083E-07,1.19122E-06
519,1.66297E-07,1.18681E-06
520,1.65516E-07,1.18242E-06
521,1.6474E-07,1.17805E-06
522,1.6397E-07,1.17371E-06
523,1.63204E-07,1.1694E-06
524,1.62443E-07,1.1651E-06
525,1.61688E-07,1.16084E-06
526,1.60937E-07,1.15659E-06
527,1.60191E-07,1.15237E-06
528,1.5945E-07,1.14817E-06
529,1.58714E-07,1.144E-06
530,1.57982E-07,1.13985E-06
531,1.57256E-07,1.13572E-06
532,1.56534E-07,1.13162E-06
533,1.55816E-07,1.12753E-06
534,1.55103E-07,1.12347E-06
535,1.54395E-07,1.11943E-06
536,1.53692E-07,1.11542E-06
537,1.52992E-07,1.11142E-06
538,1.52298E-07,1.10745E-06
539,1.51608E-07,1.1035E-06
540,1.50922E-07,1.09957E-06
541,1.5024E-07,1.09566E-06
542,1.49563E-07,1.09178E-06
543,1.4889E-07,1.08791E-06
544,1.48221E-07,1.08407E-06
545,1.47557E-07,1.08024E-06
546,1.46896E-07,1.07644E-06
547,1.4624E-07,1.07266E-06
548,1.45588E-07,1.06889E-06
549,1.4494E-07,1.06515E-06
550,1.44296E-07,1.06143E-06
551,1.43657E-07,1.05773E-06
552,1.43021E-07,1.05404E-06
553,1.42389E-07,1.05038E-06
554,1.41761E-07,1.04673E-06
555,1.41136E-07,1.04311E-06
556,1.40516E-07,1.0395E-06
557,1.399E-07,1.03592E-06
558,1.39287E-07,1.03235E-06
559,1.38678E-07,1.0288E-06
560,1.38073E-07,1.02527E-06
561,1.37471E-07,1.02176E-06
562,1.36873E-07,1.01826E-06
563,1.36279E-07,1.01479E-06
564,1.35689E-07,1.01133E-06
565,1.35102E-07,1.00789E-06
566,1.34518E-07,1.00447E-06
567,1.33938E-07,1.00106E-06
568,1.33362E-07,9.97675E-07
569,1.32789E-07,9.94306E-07
570,1.3222E-07,9.90954E-07
571,1.31654E-07,9.8762E-07
572,1.31091E-07,9.84302E-07
573,1.30532E-07,9.81001E-07
574,1.29976E-07,9.77718E-07
575,1.29423E-07,9.74451E-07
576,1.28874E-07,9.712E-07
577,1.28328E-07,9.67966E-07
578,1.27785E-07,9.64749E-07
579,1.27246E-07,9.61548E-07
580,1.2671E-07,9.58363E-07
581,1.26176E-07,9.55194E-07
582,1.25646E-07,9.52041E-07
583,1.2512E-07,9.48904E-07
584,1.24596E-07,9.45783E-07
585,1.24075E-07,9.42677E-07
586,1.23557E-07,9.39587E-07
587,1.23043E-07,9.36512E-07
588,1.22531E-07,9.33453E-07
589,1.22023E-07,9.30409E-07
590,1.21517E-07,9.2738E-07
591,1.21014E-07,9.24366E-07
592,1.20514E-07,9.21367E-07
593,1.20017E-07,9.18383E-07
594,1.19523E-07,9.15413E-07
595,1.19032E-07,9.12459E-07
596,1.18544E-07,9.09518E-07
597,1.18058E-07,9.06592E-07
598,1.17576E-07,9.03681E-07
599,1.17096E-07,9.00784E-07
600,1.16618E-07,8.97901E-07
601,1.16144E-07,8.95031E-07
602,1.15672E-07,8.92176E-07
603,1.15203E-07,8.89335E-07
604,1.14737E-07,8.86508E-07
605,1.14273E-07,8.83694E-07
606,1.13812E-07,8.80894E-07
607,1.13353E-07,8.78108E-07
608,1.12897E-07,8.75334E-07
609,1.12444E-07,8.72575E-07
610,1.11993E-07,8.69828E-07
611,1.11545E-07,8.67095E-07
612,1.11099E-07,8.64375E-07
613,1.10656E-07,8.61667E-07
614,1.10215E-07,8.58973E-07
615,1.09777E-07,8.56292E-07
616,1.09341E-07,8.53623E-07
617,1.08907E-07,8.50967E-07
618,1.08476E-07,8.48324E-07
619,1.08048E-07,8.45693E-07
620,1.07621E-07,8.43074E-07
621,1.07198E-07,8.40468E-07
622,1.06776E-07,8.37874E-07
623,1.06357E-07,8.35293E-07
624,1.0594E-07,8.32723E-07
625,1.05525E-07,8.30166E-07
626,1.05113E-07,8.2762E-07
627,1.04703E-07,8.25087E-07
628,1.04295E-07,8.22565E-07
629,1.03889E-07,8.20055E-07
630,1.03486E-07,8.17557E-07
631,1.03085E-07,8.1507E-07
632,1.02686E-07,8.12595E-07
633,1.02289E-07,8.10131E-07
634,1.01894E-07,8.07679E-07
635,1.01502E-07,8.05238E-07
636,1.01111E-07,8.02808E-07
637,1.00723E-07,8.00389E-07
638,1.00337E-07,7.97982E-07
639,9.99528E-08,7.95586E-07
640,9.95707E-08,7.932E-07
641,9.91907E-08,7.90826E-07
642,9.88127E-08,7.88462E-07
643,9.84368E-08,7.86109E-07
644,9.80628E-08,7.83767E-07
645,9.76909E-08,7.81435E-07
646,9.73209E-08,7.79114E-07
647,9.69529E-08,7.76804E-07
648,9.65868E-08,7.74504E-07
649,9.62227E-08,7.72214E-07
650,9.58605E-08,7.69935E-07
651,9.55003E-08,7.67666E-07
652,9.51419E-08,7.65407E-07
653,9.47854E-08,7.63158E-07
654,9.44308E-08,7.60919E-07
655,9.40781E-08,7.58691E-07
656,9.37272E-08,7.56472E-07
657,9.33782E-08,7.54263E-07
658,9.30309E-08,7.52064E-07
659,9.26855E-08,7.49875E-07
660,9.23419E-08,7.47695E-07
661,9.20001E-08,7.45526E-07
662,9.166E-08,7.43365E-07
663,9.13218E-08,7.41215E-07
664,9.09852E-08,7.39074E-07
665,9.06505E-08,7.36942E-07
666,9.03174E-08,7.3482E-07
667,8.99861E-08,7.32707E-07
668,8.96564E-08,7.30603E-07
669,8.93285E-08,7.28508E-07
670,8.90023E-08,7.26423E-07
671,8.86777E-08,7.24346E-07
672,8.83548E-08,7.22279E-07
673,8.80335E-08,7.20221E-07
674,8.77139E-08,7.18172E-07
675,8.73959E-08,7.16131E-07
676,8.70796E-08,7.141E-07
677,8.67648E-08,7.12077E-07
678,8.64516E-08,7.10063E-07
679,8.61401E-08,7.08058E-07
680,8.58301E-08,7.06061E-07
681,8.55216E-08,7.04073E-07
682,8.52148E-08,7.02093E-07
683,8.49095E-08,7.00122E-07
684,8.46057E-08,6.9816E-07
685,8.43034E-08,6.96205E-07
686,8.40027E-08,6.94259E-07
687,8.37034E-08,6.92322E-07
688,8.34057E-08,6.90392E-07
689,8.31094E-08,6.88471E-07
690,8.28147E-08,6.86558E-07
691,8.25214E-08,6.84653E-07
692,8.22295E-08,6.82757E-07
693,8.19391E-08,6.80868E-07
694,8.16502E-08,6.78987E-07
695,8.13627E-08,6.77114E-07
696,8.10766E-08,6.75249E-07
697,8.07919E-08,6.73392E-07
698,8.05086E-08,6.71542E-07
699,8.02267E-08,6.69701E-07
700,7.99462E-08,6.67867E-07
701,7.96671E-08,6.66041E-07
702,7.93893E-08,6.64222E-07
703,7.9113E-08,6.62411E-07
704,7.88379E-08,6.60607E-07
705,7.85642E-08,6.58811E-07
706,7.82919E-08,6.57023E-07
707,7.80208E-08,6.55241E-07
708,7.77511E-08,6.53468E-07
709,7.74827E-08,6.51701E-07
710,7.72156E-08,6.49942E-07
711,7.69498E-08,6.4819E-07
712,7.66853E-08,6.46445E-07
713,7.6422E-08,6.44708E-07
714,7.61601E-08,6.42977E-07
715,7.58994E-08,6.41254E-07
716,7.56399E-08,6.39537E-07
717,7.53817E-08,6.37828E-07
718,7.51247E-08,6.36126E-07
719,7.4869E-08,6.3443E-07
720,7.46145E-08,6.32742E-07
721,7.43612E-08,6.3106E-07
722,7.41091E-08,6.29385E-07
723,7.38582E-08,6.27717E-07
724,7.36085E-08,6.26056E-07
725,7.336E-08,6.24401E-07
726,7.31126E-08,6.22753E-07
727,7.28665E-08,6.21112E-07
728,7.26215E-08,6.19477E-07
729,7.23777E-08,6.17849E-07
730,7.2135E-08,6.16228E-07
731,7.18934E-08,6.14612E-07
732,7.1653E-08,6.13004E-07
733,7.14137E-08,6.11402E-07
734,7.11756E-08,6.09806E-07
735,7.09386E-08,6.08216E-07
736,7.07026E-08,6.06633E-07
737,7.04678E-08,6.05056E-07
738,7.02341E-08,6.03486E-07
739,7.00014E-08,6.01921E-07
740,6.97699E-08,6.00363E-07
741,6.95394E-08,5.98811E-07
742,6.931E-08,5.97265E-07
743,6.90817E-08,5.95725E-07
744,6.88544E-08,5.94192E-07
745,6.86281E-08,5.92664E-07
746,6.8403E-08,5.91142E-07
747,6.81788E-08,5.89626E-07
748,6.79557E-08,5.88116E-07
749,6.77336E-08,5.86612E-07
750,6.75125E-08,5.85114E-07
751,6.72925E-08,5.83622E-07
752,6.70734E-08,5.82136E-07
753,6.68554E-08,5.80655E-07
754,6.66383E-08,5.7918E-07
755,6.64223E-08,5.77711E-07
756,6.62072E-08,5.76248E-07
757,6.59931E-08,5.7479E-07
758,6.578E-08,5.73337E-07
759,6.55678E-08,5.71891E-07
760,6.53566E-08,5.7045E-07
761,6.51464E-08,5.69014E-07
762,6.49371E-08,5.67584E-07
763,6.47288E-08,5.6616E-07
764,6.45214E-08,5.64741E-07
765,6.43149E-08,5.63327E-07
766,6.41094E-08,5.61919E-07
767,6.39048E-08,5.60516E-07
768,6.37011E-08,5.59119E-07
769,6.34983E-08,5.57727E-07
770,6.32964E-08,5.5634E-07
771,6.30955E-08,5.54958E-07
772,6.28954E-08,5.53582E-07
773,6.26962E-08,5.52211E-07
774,6.24979E-08,5.50845E-07
775,6.23005E-08,5.49484E-07
776,6.2104E-08,5.48128E-07
777,6.19083E-08,5.46777E-07
778,6.17135E-08,5.45432E-07
779,6.15196E-08,5.44092E-07
780,6.13265E-08,5.42756E-07
781,6.11343E-08,5.41426E-07
782,6.09429E-08,5.401E-07
783,6.07524E-08,5.3878E-07
784,6.05627E-08,5.37464E-07
785,6.03738E-08,5.36154E-07
786,6.01858E-08,5.34848E-07
787,5.99986E-08,5.33547E-07
788,5.98122E-08,5.32251E-07
789,5.96266E-08,5.3096E-07
790,5.94418E-08,5.29673E-07
791,5.92579E-08,5.28391E-07
792,5.90747E-08,5.27114E-07
793,5.88923E-08,5.25842E-07
794,5.87108E-08,5.24574E-07
795,5.853E-08,5.23311E-07
796,5.835E-08,5.22053E-07
797,5.81707E-08,5.208E-07
798,5.79923E-08,5.1955E-07
799,5.78146E-08,5.18306E-07
800,5.76377E-08,5.17066E-07
801,5.74615E-08,5.15831E-07
802,5.72862E-08,5.146E-07
803,5.71115E-08,5.13373E-07
804,5.69376E-08,5.12151E-07
805,5.67645E-08,5.10934E-07
806,5.65921E-08,5.09721E-07
807,5.64204E-08,5.08512E-07
808,5.62494E-08,5.07308E-07
809,5.60792E-08,5.06108E-07
810,5.59098E-08,5.04912E-07
811,5.5741E-08,5.03721E-07
812,5.55729E-08,5.02534E-07
813,5.54056E-08,5.01351E-07
814,5.5239E-08,5.00172E-07
815,5.50731E-08,4.98998E-07
816,5.49078E-08,4.97828E-07
817,5.47433E-08,4.96662E-07
818,5.45795E-08,4.955E-07
819,5.44163E-08,4.94343E-07
820,5.42539E-08,4.93189E-07
821,5.40921E-08,4.9204E-07
822,5.3931E-08,4.90895E-07
823,5.37706E-08,4.89754E-07
824,5.36109E-08,4.88617E-07
825,5.34518E-08,4.87484E-07
826,5.32934E-08,4.86354E-07
827,5.31356E-08,4.85229E-07
828,5.29785E-08,4.84108E-07
829,5.28221E-08,4.82991E-07
830,5.26663E-08,4.81878E-07
831,5.25111E-08,4.80769E-07
832,5.23566E-08,4.79663E-07
833,5.22028E-08,4.78562E-07
834,5.20495E-08,4.77464E-07
835,5.18969E-08,4.7637E-07
836,5.1745E-08,4.7528E-07
837,5.15936E-08,4.74194E-07
838,5.14429E-08,4.73112E-07
839,5.12928E-08,4.72033E-07
840,5.11433E-08,4.70958E-07
841,5.09945E-08,4.69887E-07
842,5.08462E-08,4.6882E-07
843,5.06986E-08,4.67756E-07
844,5.05515E-08,4.66696E-07
845,5.04051E-08,4.6564E-07
846,5.02592E-08,4.64587E-07
847,5.0114E-08,4.63538E-07
848,4.99693E-08,4.62493E-07
849,4.98252E-08,4.61451E-07
850,4.96817E-08,4.60413E-07
851,4.95388E-08,4.59378E-07
852,4.93965E-08,4.58347E-07
853,4.92547E-08,4.57319E-07
854,4.91135E-08,4.56295E-07
855,4.89729E-08,4.55275E-07
856,4.88329E-08,4.54258E-07
857,4.86934E-08,4.53244E-07
858,4.85544E-08,4.52234E-07
859,4.84161E-08,4.51227E-07
860,4.82783E-08,4.50224E-07
861,4.8141E-08,4.49224E-07
862,4.80043E-08,4.48227E-07
863,4.78681E-08,4.47234E-07
864,4.77325E-08,4.46245E-07
865,4.75974E-08,4.45258E-07
866,4.74629E-08,4.44275E-07
867,4.73289E-08,4.43295E-07
868,4.71954E-08,4.42319E-07
869,4.70625E-08,4.41346E-07
870,4.69301E-08,4.40376E-07
871,4.67982E-08,4.39409E-07
872,4.66668E-08,4.38446E-07
873,4.65359E-08,4.37486E-07
874,4.64056E-08,4.36529E-07
875,4.62758E-08,4.35575E-07
876,4.61465E-08,4.34624E-07
877,4.60177E-08,4.33677E-07
878,4.58894E-08,4.32733E-07
879,4.57616E-08,4.31791E-07
880,4.56343E-08,4.30853E-07
881,4.55075E-08,4.29919E-07
882,4.53812E-08,4.28987E-07
883,4.52554E-08,4.28058E-07
884,4.51301E-08,4.27132E-07
885,4.50053E-08,4.2621E-07
886,4.48809E-08,4.2529E-07
887,4.47571E-08,4.24374E-07
888,4.46337E-08,4.2346E-07
889,4.45108E-08,4.2255E-07
890,4.43884E-08,4.21642E-07
891,4.42665E-08,4.20738E-07
892,4.4145E-08,4.19836E-07
893,4.4024E-08,4.18938E-07
894,4.39034E-08,4.18042E-07
895,4.37834E-08,4.17149E-07
896,4.36638E-08,4.1626E-07
897,4.35446E-08,4.15373E-07
898,4.34259E-08,4.14489E-07
899,4.33077E-08,4.13608E-07
900,4.31899E-08,4.12729E-07
901,4.30726E-08,4.11854E-07
902,4.29557E-08,4.10981E-07
903,4.28393E-08,4.10111E-07
904,4.27233E-08,4.09244E-07
905,4.26077E-08,4.0838E-07
906,4.24926E-08,4.07519E-07
907,4.23779E-08,4.0666E-07
908,4.22637E-08,4.05804E-07
909,4.21499E-08,4.04951E-07
910,4.20365E-08,4.04101E-07
911,4.19236E-08,4.03253E-07
912,4.18111E-08,4.02408E-07
913,4.1699E-08,4.01566E-07
914,4.15873E-08,4.00727E-07
915,4.14761E-08,3.9989E-07
916,4.13653E-08,3.99056E-07
917,4.12549E-08,3.98224E-07
918,4.11449E-08,3.97395E-07
919,4.10353E-08,3.96569E-07
920,4.09261E-08,3.95746E-07
921,4.08174E-08,3.94925E-07
922,4.0709E-08,3.94106E-07
923,4.06011E-08,3.93291E-07
924,4.04935E-08,3.92477E-07
925,4.03864E-08,3.91667E-07
926,4.02796E-08,3.90859E-07
927,4.01733E-08,3.90053E-07
928,4.00673E-08,3.8925E-07
929,3.99618E-08,3.8845E-07
930,3.98566E-08,3.87652E-07
931,3.97518E-08,3.86856E-07
932,3.96474E-08,3.86063E-07
933,3.95434E-08,3.85273E-07
934,3.94398E-08,3.84485E-07
935,3.93366E-08,3.83699E-07
936,3.92337E-08,3.82916E-07
937,3.91313E-08,3.82136E-07
938,3.90292E-08,3.81357E-07
939,3.89274E-08,3.80582E-07
940,3.88261E-08,3.79808E-07
941,3.87251E-08,3.79037E-07
942,3.86245E-08,3.78269E-07
943,3.85243E-08,3.77503E-07
944,3.84244E-08,3.76739E-07
945,3.83249E-08,3.75977E-07
946,3.82257E-08,3.75218E-07
947,3.81269E-08,3.74461E-07
948,3.80285E-08,3.73707E-07
949,3.79305E-08,3.72955E-07
950,3.78327E-08,3.72205E-07
951,3.77354E-08,3.71458E-07
952,3.76384E-08,3.70712E-07
953,3.75417E-08,3.69969E-07
954,3.74454E-08,3.69229E-07
955,3.73495E-08,3.6849E-07
956,3.72539E-08,3.67754E-07
957,3.71586E-08,3.6702E-07
958,3.70637E-08,3.66289E-07
959,3.69691E-08,3.65559E-07
960,3.68749E-08,3.64832E-07
961,3.6781E-08,3.64107E-07
962,3.66874E-08,3.63384E-07
963,3.65942E-08,3.62664E-07
964,3.65013E-08,3.61946E-07
965,3.64087E-08,3.61229E-07
966,3.63165E-08,3.60515E-07
967,3.62246E-08,3.59803E-07
968,3.6133E-08,3.59094E-07
969,3.60418E-08,3.58386E-07
970,3.59508E-08,3.57681E-07
971,3.58602E-08,3.56977E-07
972,3.577E-08,3.56276E-07
973,3.568E-08,3.55577E-07
974,3.55904E-08,3.5488E-07
975,3.5501E-08,3.54185E-07
976,3.5412E-08,3.53492E-07
977,3.53233E-08,3.52801E-07
978,3.5235E-08,3.52112E-07
979,3.51469E-08,3.51426E-07
980,3.50591E-08,3.50741E-07
981,3.49717E-08,3.50058E-07
982,3.48845E-08,3.49378E-07
983,3.47977E-08,3.48699E-07
984,3.47112E-08,3.48023E-07
985,3.46249E-08,3.47348E-07
986,3.4539E-08,3.46676E-07
987,3.44534E-08,3.46005E-07
988,3.43681E-08,3.45337E-07
989,3.4283E-08,3.4467E-07
990,3.41983E-08,3.44006E-07
991,3.41139E-08,3.43343E-07
992,3.40297E-08,3.42682E-07
993,3.39459E-08,3.42023E-07
994,3.38623E-08,3.41367E-07
995,3.37791E-08,3.40712E-07
996,3.36961E-08,3.40059E-07
997,3.36134E-08,3.39408E-07
998,3.3531E-08,3.38758E-07
999,3.34488E-08,3.38111E-07
1000,3.3367E-08,3.37466E-07
1001,3.32855E-08,3.36822E-07
1002,3.32042E-08,3.36181E-07
1003,3.31232E-08,3.35541E-07
1004,3.30425E-08,3.34903E-07
1005,3.2962E-08,3.34267E-07
1006,3.28819E-08,3.33633E-07
1007,3.2802E-08,3.33001E-07
1008,3.27223E-08,3.3237E-07
1009,3.2643E-08,3.31741E-07
1010,3.25639E-08,3.31115E-07
1011,3.24851E-08,3.3049E-07
1012,3.24066E-08,3.29866E-07
1013,3.23283E-08,3.29245E-07
1014,3.22503E-08,3.28625E-07
1015,3.21726E-08,3.28007E-07
1016,3.20951E-08,3.27391E-07
1017,3.20179E-08,3.26777E-07
1018,3.1941E-08,3.26164E-07
1019,3.18643E-08,3.25553E-07
1020,3.17879E-08,3.24944E-07
1021,3.17117E-08,3.24337E-07
1022,3.16358E-08,3.23731E-07
1023,3.15601E-08,3.23128E-07
1024,3.14847E-08,3.22525E-07
1025,3.14096E-08,3.21925E-07
1026,3.13347E-08,3.21326E-07
1027,3.126E-08,3.20729E-07
1028,3.11857E-08,3.20134E-07
1029,3.11115E-08,3.1954E-07
1030,3.10376E-08,3.18948E-07
1031,3.0964E-08,3.18358E-07
1032,3.08906E-08,3.17769E-07
1033,3.08174E-08,3.17183E-07
1034,3.07445E-08,3.16597E-07
1035,3.06719E-08,3.16014E-07
1036,3.05994E-08,3.15432E-07
1037,3.05272E-08,3.14851E-07
1038,3.04553E-08,3.14273E-07
1039,3.03836E-08,3.13696E-07
1040,3.03121E-08,3.1312E-07
1041,3.02409E-08,3.12546E-07
1042,3.01699E-08,3.11974E-07
1043,3.00992E-08,3.11403E-07
1044,3.00286E-08,3.10834E-07
1045,2.99583E-08,3.10267E-07
1046,2.98883E-08,3.09701E-07
1047,2.98185E-08,3.09137E-07
1048,2.97489E-08,3.08574E-07
1049,2.96795E-08,3.08013E-07
1050,2.96104E-08,3.07453E-07
1051,2.95414E-08,3.06895E-07
1052,2.94728E-08,3.06339E-07
1053,2.94043E-08,3.05784E-07
1054,2.93361E-08,3.0523E-07
1055,2.9268E-08,3.04678E-07
1056,2.92002E-08,3.04128E-07
1057,2.91327E-08,3.03579E-07
1058,2.90653E-08,3.03032E-07
1059,2.89982E-08,3.02486E-07
1060,2.89313E-08,3.01942E-07
1061,2.88646E-08,3.01399E-07
1062,2.87981E-08,3.00858E-07
1063,2.87319E-08,3.00318E-07
1064,2.86658E-08,2.99779E-07
1065,2.86E-08,2.99242E-07
1066,2.85344E-08,2.98707E-07
1067,2.84689E-08,2.98173E-07
1068,2.84037E-08,2.97641E-07
1069,2.83388E-08,2.9711E-07
1070,2.8274E-08,2.9658E-07
1071,2.82094E-08,2.96052E-07
1072,2.81451E-08,2.95525E-07
1073,2.80809E-08,2.95E-07
1074,2.8017E-08,2.94476E-07
1075,2.79532E-08,2.93954E-07
1076,2.78897E-08,2.93433E-07
1077,2.78264E-08,2.92913E-07
1078,2.77632E-08,2.92395E-07
1079,2.77003E-08,2.91878E-07
1080,2.76376E-08,2.91363E-07
1081,2.75751E-08,2.90849E-07
1082,2.75127E-08,2.90336E-07
1083,2.74506E-08,2.89825E-07
1084,2.73887E-08,2.89315E-07
1085,2.73269E-08,2.88807E-07
1086,2.72654E-08,2.88299E-07
1087,2.72041E-08,2.87794E-07
1088,2.71429E-08,2.87289E-07
1089,2.7082E-08,2.86786E-07
1090,2.70212E-08,2.86285E-07
1091,2.69606E-08,2.85784E-07
1092,2.69003E-08,2.85285E-07
1093,2.68401E-08,2.84788E-07
1094,2.67801E-08,2.84291E-07
1095,2.67203E-08,2.83796E-07
1096,2.66607E-08,2.83302E-07
1097,2.66012E-08,2.8281E-07
1098,2.6542E-08,2.82319E-07
1099,2.64829E-08,2.81829E-07
1100,2.64241E-08,2.81341E-07
1101,2.63654E-08,2.80853E-07
1102,2.63069E-08,2.80368E-07
1103,2.62485E-08,2.79883E-07
1104,2.61904E-08,2.794E-07
1105,2.61324E-08,2.78918E-07
1106,2.60747E-08,2.78437E-07
1107,2.60171E-08,2.77957E-07
1108,2.59597E-08,2.77479E-07
1109,2.59024E-08,2.77002E-07
1110,2.58454E-08,2.76526E-07
1111,2.57885E-08,2.76052E-07
1112,2.57318E-08,2.75579E-07
1113,2.56753E-08,2.75106E-07
1114,2.56189E-08,2.74636E-07
1115,2.55627E-08,2.74166E-07
1116,2.55067E-08,2.73698E-07
1117,2.54509E-08,2.73231E-07
1118,2.53952E-08,2.72765E-07
1119,2.53397E-08,2.723E-07
1120,2.52844E-08,2.71837E-07
1121,2.52293E-08,2.71375E-07
1122,2.51743E-08,2.70914E-07
1123,2.51195E-08,2.70454E-07
1124,2.50648E-08,2.69995E-07
1125,2.50104E-08,2.69538E-07
1126,2.49561E-08,2.69081E-07
1127,2.49019E-08,2.68626E-07
1128,2.4848E-08,2.68172E-07
1129,2.47941E-08,2.6772E-07
1130,2.47405E-08,2.67268E-07
1131,2.4687E-08,2.66818E-07
1132,2.46337E-08,2.66368E-07
1133,2.45806E-08,2.6592E-07
1134,2.45276E-08,2.65473E-07
1135,2.44747E-08,2.65028E-07
1136,2.44221E-08,2.64583E-07
1137,2.43695E-08,2.64139E-07
1138,2.43172E-08,2.63697E-07
1139,2.4265E-08,2.63256E-07
1140,2.4213E-08,2.62816E-07
1141,2.41611E-08,2.62377E-07
1142,2.41094E-08,2.61939E-07
1143,2.40578E-08,2.61502E-07
1144,2.40064E-08,2.61066E-07
1145,2.39551E-08,2.60632E-07
1146,2.3904E-08,2.60199E-07
1147,2.38531E-08,2.59766E-07
1148,2.38023E-08,2.59335E-07
1149,2.37517E-08,2.58905E-07
1150,2.37012E-08,2.58476E-07
1151,2.36508E-08,2.58048E-07
1152,2.36007E-08,2.57621E-07
1153,2.35506E-08,2.57195E-07
1154,2.35007E-08,2.56771E-07
1155,2.3451E-08,2.56347E-07
1156,2.34014E-08,2.55924E-07
1157,2.3352E-08,2.55503E-07
1158,2.33027E-08,2.55083E-07
1159,2.32535E-08,2.54663E-07
1160,2.32045E-08,2.54245E-07
1161,2.31557E-08,2.53828E-07
1162,2.3107E-08,2.53411E-07
1163,2.30584E-08,2.52996E-07
1164,2.301E-08,2.52582E-07
1165,2.29617E-08,2.52169E-07
1166,2.29136E-08,2.51757E-07
1167,2.28656E-08,2.51346E-07
1168,2.28177E-08,2.50936E-07
1169,2.277E-08,2.50527E-07
1170,2.27225E-08,2.50119E-07
1171,2.2675E-08,2.49712E-07
1172,2.26278E-08,2.49306E-07
1173,2.25806E-08,2.48901E-07
1174,2.25336E-08,2.48497E-07
1175,2.24867E-08,2.48094E-07
1176,2.244E-08,2.47692E-07
1177,2.23934E-08,2.47291E-07
1178,2.23469E-08,2.46892E-07
1179,2.23006E-08,2.46493E-07
1180,2.22544E-08,2.46095E-07
1181,2.22084E-08,2.45698E-07
1182,2.21625E-08,2.45302E-07
1183,2.21167E-08,2.44907E-07
1184,2.2071E-08,2.44513E-07
1185,2.20255E-08,2.4412E-07
1186,2.19801E-08,2.43727E-07
1187,2.19349E-08,2.43336E-07
1188,2.18897E-08,2.42946E-07
1189,2.18447E-08,2.42557E-07
1190,2.17999E-08,2.42169E-07
1191,2.17552E-08,2.41781E-07
1192,2.17106E-08,2.41395E-07
1193,2.16661E-08,2.4101E-07
1194,2.16217E-08,2.40625E-07
1195,2.15775E-08,2.40242E-07
1196,2.15334E-08,2.39859E-07
1197,2.14895E-08,2.39477E-07
1198,2.14456E-08,2.39096E-07
1199,2.14019E-08,2.38717E-07
1200,2.13584E-08,2.38338E-07
1201,2.13149E-08,2.3796E-07
1202,2.12716E-08,2.37583E-07
1203,2.12284E-08,2.37207E-07
1204,2.11853E-08,2.36831E-07
1205,2.11423E-08,2.36457E-07
1206,2.10995E-08,2.36084E-07
1207,2.10568E-08,2.35711E-07
1208,2.10142E-08,2.35339E-07
1209,2.09717E-08,2.34969E-07
1210,2.09293E-08,2.34599E-07
1211,2.08871E-08,2.3423E-07
1212,2.0845E-08,2.33862E-07
1213,2.0803E-08,2.33495E-07
1214,2.07612E-08,2.33128E-07
1215,2.07194E-08,2.32763E-07
1216,2.06778E-08,2.32398E-07
1217,2.06363E-08,2.32035E-07
1218,2.05949E-08,2.31672E-07
1219,2.05536E-08,2.3131E-07
1220,2.05124E-08,2.30949E-07
1221,2.04714E-08,2.30589E-07
1222,2.04304E-08,2.30229E-07
1223,2.03896E-08,2.29871E-07
1224,2.03489E-08,2.29513E-07
1225,2.03083E-08,2.29157E-07
1226,2.02679E-08,2.28801E-07
1227,2.02275E-08,2.28446E-07
1228,2.01873E-08,2.28091E-07
1229,2.01471E-08,2.27738E-07
1230,2.01071E-08,2.27385E-07
1231,2.00672E-08,2.27034E-07
1232,2.00274E-08,2.26683E-07
1233,1.99878E-08,2.26333E-07
1234,1.99482E-08,2.25983E-07
1235,1.99087E-08,2.25635E-07
1236,1.98694E-08,2.25287E-07
1237,1.98301E-08,2.24941E-07
1238,1.9791E-08,2.24595E-07
1239,1.9752E-08,2.2425E-07
1240,1.97131E-08,2.23905E-07
1241,1.96743E-08,2.23562E-07
1242,1.96356E-08,2.23219E-07
1243,1.9597E-08,2.22877E-07
1244,1.95585E-08,2.22536E-07
1245,1.95201E-08,2.22196E-07
1246,1.94819E-08,2.21856E-07
1247,1.94437E-08,2.21517E-07
1248,1.94056E-08,2.2118E-07
1249,1.93677E-08,2.20842E-07
1250,1.93298E-08,2.20506E-07
1251,1.92921E-08,2.2017E-07
1252,1.92544E-08,2.19836E-07
1253,1.92169E-08,2.19502E-07
1254,1.91795E-08,2.19168E-07
1255,1.91422E-08,2.18836E-07
1256,1.91049E-08,2.18504E-07
1257,1.90678E-08,2.18173E-07
1258,1.90308E-08,2.17843E-07
1259,1.89939E-08,2.17514E-07
1260,1.8957E-08,2.17185E-07
1261,1.89203E-08,2.16857E-07
1262,1.88837E-08,2.1653E-07
1263,1.88472E-08,2.16204E-07
1264,1.88108E-08,2.15878E-07
1265,1.87744E-08,2.15553E-07
1266,1.87382E-08,2.15229E-07
1267,1.87021E-08,2.14906E-07
1268,1.86661E-08,2.14583E-07
1269,1.86302E-08,2.14261E-07
1270,1.85943E-08,2.1394E-07
1271,1.85586E-08,2.1362E-07
1272,1.8523E-08,2.133E-07
1273,1.84874E-08,2.12981E-07
1274,1.8452E-08,2.12663E-07
1275,1.84166E-08,2.12346E-07
1276,1.83814E-08,2.12029E-07
1277,1.83462E-08,2.11713E-07
1278,1.83112E-08,2.11398E-07
1279,1.82762E-08,2.11083E-07
1280,1.82413E-08,2.10769E-07
1281,1.82066E-08,2.10456E-07
1282,1.81719E-08,2.10144E-07
1283,1.81373E-08,2.09832E-07
1284,1.81028E-08,2.09521E-07
1285,1.80684E-08,2.0921E-07
1286,1.80341E-08,2.08901E-07
1287,1.79999E-08,2.08592E-07
1288,1.79657E-08,2.08284E-07
1289,1.79317E-08,2.07976E-07
1290,1.78978E-08,2.07669E-07
1291,1.78639E-08,2.07363E-07
1292,1.78302E-08,2.07058E-07
1293,1.77965E-08,2.06753E-07
1294,1.77629E-08,2.06449E-07
1295,1.77294E-08,2.06146E-07
1296,1.7696E-08,2.05843E-07
1297,1.76627E-08,2.05541E-07
1298,1.76295E-08,2.05239E-07
1299,1.75963E-08,2.04939E-07
1300,1.75633E-08,2.04639E-07
1301,1.75303E-08,2.04339E-07
1302,1.74974E-08,2.04041E-07
1303,1.74646E-08,2.03743E-07
1304,1.74319E-08,2.03446E-07
1305,1.73993E-08,2.03149E-07
1306,1.73668E-08,2.02853E-07
1307,1.73344E-08,2.02558E-07
1308,1.7302E-08,2.02263E-07
1309,1.72697E-08,2.01969E-07
1310,1.72375E-08,2.01675E-07
1311,1.72054E-08,2.01383E-07
1312,1.71734E-08,2.01091E-07
1313,1.71415E-08,2.00799E-07
1314,1.71096E-08,2.00509E-07
1315,1.70779E-08,2.00218E-07
1316,1.70462E-08,1.99929E-07
1317,1.70146E-08,1.9964E-07
1318,1.69831E-08,1.99352E-07
1319,1.69516E-08,1.99064E-07
1320,1.69203E-08,1.98777E-07
1321,1.6889E-08,1.98491E-07
1322,1.68578E-08,1.98205E-07
1323,1.68267E-08,1.9792E-07
1324,1.67957E-08,1.97636E-07
1325,1.67647E-08,1.97352E-07
1326,1.67339E-08,1.97069E-07
1327,1.67031E-08,1.96786E-07
1328,1.66724E-08,1.96505E-07
1329,1.66418E-08,1.96223E-07
1330,1.66112E-08,1.95943E-07
1331,1.65807E-08,1.95662E-07
1332,1.65504E-08,1.95383E-07
1333,1.65201E-08,1.95104E-07
1334,1.64898E-08,1.94826E-07
1335,1.64597E-08,1.94548E-07
1336,1.64296E-08,1.94271E-07
1337,1.63996E-08,1.93995E-07
1338,1.63697E-08,1.93719E-07
1339,1.63398E-08,1.93444E-07
1340,1.63101E-08,1.93169E-07
1341,1.62804E-08,1.92895E-07
1342,1.62508E-08,1.92622E-07
1343,1.62212E-08,1.92349E-07
1344,1.61918E-08,1.92077E-07
1345,1.61624E-08,1.91805E-07
1346,1.61331E-08,1.91534E-07
1347,1.61039E-08,1.91263E-07
1348,1.60747E-08,1.90994E-07
1349,1.60456E-08,1.90724E-07
1350,1.60166E-08,1.90455E-07
1351,1.59877E-08,1.90187E-07
1352,1.59588E-08,1.8992E-07
1353,1.593E-08,1.89653E-07
1354,1.59013E-08,1.89386E-07
1355,1.58727E-08,1.8912E-07
1356,1.58441E-08,1.88855E-07
1357,1.58156E-08,1.8859E-07
1358,1.57872E-08,1.88326E-07
1359,1.57588E-08,1.88063E-07
1360,1.57305E-08,1.878E-07
1361,1.57023E-08,1.87537E-07
1362,1.56742E-08,1.87275E-07
1363,1.56461E-08,1.87014E-07
1364,1.56181E-08,1.86753E-07
1365,1.55902E-08,1.86493E-07
1366,1.55624E-08,1.86233E-07
1367,1.55346E-08,1.85974E-07
1368,1.55069E-08,1.85716E-07
1369,1.54792E-08,1.85458E-07
1370,1.54516E-08,1.852E-07
1371,1.54241E-08,1.84943E-07
1372,1.53967E-08,1.84687E-07
1373,1.53693E-08,1.84431E-07
1374,1.5342E-08,1.84176E-07
1375,1.53148E-08,1.83921E-07
1376,1.52877E-08,1.83667E-07
1377,1.52606E-08,1.83413E-07
1378,1.52335E-08,1.8316E-07
1379,1.52066E-08,1.82908E-07
1380,1.51797E-08,1.82656E-07
1381,1.51529E-08,1.82404E-07
1382,1.51261E-08,1.82153E-07
1383,1.50994E-08,1.81903E-07
1384,1.50728E-08,1.81653E-07
1385,1.50463E-08,1.81403E-07
1386,1.50198E-08,1.81154E-07
1387,1.49933E-08,1.80906E-07
1388,1.4967E-08,1.80658E-07
1389,1.49407E-08,1.80411E-07
1390,1.49145E-08,1.80164E-07
1391,1.48883E-08,1.79918E-07
1392,1.48622E-08,1.79672E-07
1393,1.48362E-08,1.79427E-07
1394,1.48102E-08,1.79182E-07
1395,1.47843E-08,1.78938E-07
1396,1.47585E-08,1.78694E-07
1397,1.47327E-08,1.78451E-07
1398,1.4707E-08,1.78208E-07
1399,1.46813E-08,1.77966E-07
1400,1.46557E-08,1.77724E-07
1401,1.46302E-08,1.77483E-07
1402,1.46048E-08,1.77242E-07
1403,1.45794E-08,1.77002E-07
1404,1.4554E-08,1.76762E-07
1405,1.45288E-08,1.76523E-07
1406,1.45036E-08,1.76284E-07
1407,1.44784E-08,1.76046E-07
1408,1.44533E-08,1.75808E-07
1409,1.44283E-08,1.75571E-07
1410,1.44033E-08,1.75334E-07
1411,1.43784E-08,1.75098E-07
1412,1.43536E-08,1.74862E-07
1413,1.43288E-08,1.74627E-07
1414,1.43041E-08,1.74392E-07
1415,1.42794E-08,1.74158E-07
1416,1.42548E-08,1.73924E-07
1417,1.42303E-08,1.73691E-07
1418,1.42058E-08,1.73458E-07
1419,1.41814E-08,1.73226E-07
1420,1.4157E-08,1.72994E-07
1421,1.41327E-08,1.72762E-07
1422,1.41085E-08,1.72531E-07
1423,1.40843E-08,1.72301E-07
1424,1.40602E-08,1.72071E-07
1425,1.40361E-08,1.71841E-07
1426,1.40121E-08,1.71612E-07
1427,1.39881E-08,1.71383E-07
1428,1.39642E-08,1.71155E-07
1429,1.39404E-08,1.70928E-07
1430,1.39166E-08,1.707E-07
1431,1.38929E-08,1.70474E-07
1432,1.38692E-08,1.70247E-07
1433,1.38456E-08,1.70021E-07
1434,1.38221E-08,1.69796E-07
1435,1.37986E-08,1.69571E-07
1436,1.37752E-08,1.69347E-07
1437,1.37518E-08,1.69123E-07
1438,1.37285E-08,1.68899E-07
1439,1.37052E-08,1.68676E-07
1440,1.3682E-08,1.68453E-07
1441,1.36588E-08,1.68231E-07
1442,1.36357E-08,1.68009E-07
1443,1.36127E-08,1.67788E-07
1444,1.35897E-08,1.67567E-07
1445,1.35667E-08,1.67347E-07
1446,1.35439E-08,1.67127E-07
1447,1.3521E-08,1.66907E-07
1448,1.34983E-08,1.66688E-07
1449,1.34755E-08,1.66469E-07
1450,1.34529E-08,1.66251E-07
1451,1.34303E-08,1.66033E-07
1452,1.34077E-08,1.65816E-07
1453,1.33852E-08,1.65599E-07
1454,1.33628E-08,1.65383E-07
1455,1.33404E-08,1.65167E-07
1456,1.3318E-08,1.64951E-07
1457,1.32957E-08,1.64736E-07
1458,1.32735E-08,1.64521E-07
1459,1.32513E-08,1.64307E-07
1460,1.32292E-08,1.64093E-07
1461,1.32071E-08,1.6388E-07
1462,1.31851E-08,1.63667E-07
1463,1.31631E-08,1.63454E-07
1464,1.31412E-08,1.63242E-07
1465,1.31193E-08,1.6303E-07
1466,1.30975E-08,1.62819E-07
1467,1.30757E-08,1.62608E-07
1468,1.3054E-08,1.62397E-07
1469,1.30323E-08,1.62187E-07
1470,1.30107E-08,1.61977E-07
1471,1.29891E-08,1.61768E-07
1472,1.29676E-08,1.61559E-07
1473,1.29461E-08,1.61351E-07
1474,1.29247E-08,1.61143E-07
1475,1.29034E-08,1.60935E-07
1476,1.28821E-08,1.60728E-07
1477,1.28608E-08,1.60521E-07
1478,1.28396E-08,1.60315E-07
1479,1.28184E-08,1.60109E-07
1480,1.27973E-08,1.59903E-07
1481,1.27762E-08,1.59698E-07
1482,1.27552E-08,1.59493E-07
1483,1.27342E-08,1.59289E-07
1484,1.27133E-08,1.59085E-07
1485,1.26924E-08,1.58881E-07
1486,1.26716E-08,1.58678E-07
1487,1.26508E-08,1.58476E-07
1488,1.26301E-08,1.58273E-07
1489,1.26094E-08,1.58071E-07
1490,1.25888E-08,1.5787E-07
1491,1.25682E-08,1.57668E-07
1492,1.25477E-08,1.57468E-07
1493,1.25272E-08,1.57267E-07
1494,1.25068E-08,1.57067E-07
1495,1.24864E-08,1.56868E-07
1496,1.2466E-08,1.56668E-07
1497,1.24457E-08,1.56469E-07
1498,1.24255E-08,1.56271E-07
1499,1.24053E-08,1.56073E-07
1500,1.23851E-08,1.55875E-07
1501,1.2365E-08,1.55678E-07
1502,1.23449E-08,1.55481E-07
1503,1.23249E-08,1.55284E-07
1504,1.23049E-08,1.55088E-07
1505,1.2285E-08,1.54892E-07
1506,1.22651E-08,1.54697E-07
1507,1.22453E-08,1.54502E-07
1508,1.22255E-08,1.54307E-07
1509,1.22057E-08,1.54113E-07
1510,1.2186E-08,1.53919E-07
1511,1.21664E-08,1.53726E-07
1512,1.21467E-08,1.53533E-07
1513,1.21272E-08,1.5334E-07
1514,1.21077E-08,1.53147E-07
1515,1.20882E-08,1.52955E-07
1516,1.20687E-08,1.52764E-07
1517,1.20494E-08,1.52572E-07
1518,1.203E-08,1.52381E-07
1519,1.20107E-08,1.52191E-07
1520,1.19914E-08,1.52001E-07
1521,1.19722E-08,1.51811E-07
1522,1.19531E-08,1.51621E-07
1523,1.19339E-08,1.51432E-07
1524,1.19148E-08,1.51243E-07
1525,1.18958E-08,1.51055E-07
1526,1.18768E-08,1.50867E-07
1527,1.18578E-08,1.50679E-07
1528,1.18389E-08,1.50492E-07
1529,1.18201E-08,1.50305E-07
1530,1.18012E-08,1.50118E-07
1531,1.17825E-08,1.49932E-07
1532,1.17637E-08,1.49746E-07
1533,1.1745E-08,1.49561E-07
1534,1.17263E-08,1.49375E-07
1535,1.17077E-08,1.4919E-07
1536,1.16892E-08,1.49006E-07
1537,1.16706E-08,1.48822E-07
1538,1.16521E-08,1.48638E-07
1539,1.16337E-08,1.48455E-07
1540,1.16153E-08,1.48271E-07
1541,1.15969E-08,1.48089E-07
1542,1.15786E-08,1.47906E-07
1543,1.15603E-08,1.47724E-07
1544,1.1542E-08,1.47542E-07
1545,1.15238E-08,1.47361E-07
1546,1.15057E-08,1.4718E-07
1547,1.14876E-08,1.46999E-07
1548,1.14695E-08,1.46819E-07
1549,1.14514E-08,1.46639E-07
1550,1.14334E-08,1.46459E-07
1551,1.14155E-08,1.4628E-07
1552,1.13975E-08,1.46101E-07
1553,1.13797E-08,1.45922E-07
1554,1.13618E-08,1.45744E-07
1555,1.1344E-08,1.45566E-07
1556,1.13263E-08,1.45388E-07
1557,1.13085E-08,1.45211E-07
1558,1.12908E-08,1.45034E-07
1559,1.12732E-08,1.44857E-07
1560,1.12556E-08,1.44681E-07
1561,1.1238E-08,1.44505E-07
1562,1.12205E-08,1.44329E-07
1563,1.1203E-08,1.44154E-07
1564,1.11856E-08,1.43979E-07
1565,1.11681E-08,1.43804E-07
1566,1.11508E-08,1.43629E-07
1567,1.11334E-08,1.43455E-07
1568,1.11161E-08,1.43282E-07
1569,1.10989E-08,1.43108E-07
1570,1.10816E-08,1.42935E-07
1571,1.10645E-08,1.42762E-07
1572,1.10473E-08,1.4259E-07
1573,1.10302E-08,1.42418E-07
1574,1.10131E-08,1.42246E-07
1575,1.09961E-08,1.42074E-07
1576,1.09791E-08,1.41903E-07
1577,1.09621E-08,1.41732E-07
1578,1.09452E-08,1.41562E-07
1579,1.09283E-08,1.41392E-07
1580,1.09115E-08,1.41222E-07
1581,1.08947E-08,1.41052E-07
1582,1.08779E-08,1.40883E-07
1583,1.08612E-08,1.40714E-07
1584,1.08445E-08,1.40545E-07
1585,1.08278E-08,1.40377E-07
1586,1.08112E-08,1.40208E-07
1587,1.07946E-08,1.40041E-07
1588,1.0778E-08,1.39873E-07
1589,1.07615E-08,1.39706E-07
1590,1.0745E-08,1.39539E-07
1591,1.07285E-08,1.39373E-07
1592,1.07121E-08,1.39207E-07
1593,1.06958E-08,1.39041E-07
1594,1.06794E-08,1.38875E-07
1595,1.06631E-08,1.3871E-07
1596,1.06468E-08,1.38545E-07
1597,1.06306E-08,1.3838E-07
1598,1.06144E-08,1.38215E-07
1599,1.05982E-08,1.38051E-07
1600,1.05821E-08,1.37888E-07
1601,1.0566E-08,1.37724E-07
1602,1.05499E-08,1.37561E-07
1603,1.05339E-08,1.37398E-07
1604,1.05179E-08,1.37235E-07
1605,1.05019E-08,1.37073E-07
1606,1.0486E-08,1.36911E-07
1607,1.04701E-08,1.36749E-07
1608,1.04543E-08,1.36588E-07
1609,1.04384E-08,1.36426E-07
1610,1.04227E-08,1.36265E-07
1611,1.04069E-08,1.36105E-07
1612,1.03912E-08,1.35945E-07
1613,1.03755E-08,1.35785E-07
1614,1.03598E-08,1.35625E-07
1615,1.03442E-08,1.35465E-07
1616,1.03286E-08,1.35306E-07
1617,1.03131E-08,1.35147E-07
1618,1.02975E-08,1.34989E-07
1619,1.02821E-08,1.34831E-07
1620,1.02666E-08,1.34673E-07
1621,1.02512E-08,1.34515E-07
1622,1.02358E-08,1.34357E-07
1623,1.02204E-08,1.342E-07
1624,1.02051E-08,1.34043E-07
1625,1.01898E-08,1.33887E-07
1626,1.01745E-08,1.3373E-07
1627,1.01593E-08,1.33574E-07
1628,1.01441E-08,1.33419E-07
1629,1.0129E-08,1.33263E-07
1630,1.01138E-08,1.33108E-07
1631,1.00987E-08,1.32953E-07
1632,1.00837E-08,1.32798E-07
1633,1.00686E-08,1.32644E-07
1634,1.00536E-08,1.3249E-07
1635,1.00387E-08,1.32336E-07
1636,1.00237E-08,1.32182E-07
1637,1.00088E-08,1.32029E-07
1638,9.99393E-09,1.31876E-07
1639,9.97908E-09,1.31723E-07
1640,9.96427E-09,1.31571E-07
1641,9.94948E-09,1.31419E-07
1642,9.93473E-09,1.31267E-07
1643,9.92001E-09,1.31115E-07
1644,9.90532E-09,1.30964E-07
1645,9.89066E-09,1.30813E-07
1646,9.87603E-09,1.30662E-07
1647,9.86143E-09,1.30511E-07
1648,9.84686E-09,1.30361E-07
1649,9.83232E-09,1.30211E-07
1650,9.81781E-09,1.30061E-07
1651,9.80334E-09,1.29912E-07
1652,9.78889E-09,1.29762E-07
1653,9.77447E-09,1.29613E-07
1654,9.76009E-09,1.29465E-07
1655,9.74573E-09,1.29316E-07
1656,9.7314E-09,1.29168E-07
1657,9.71711E-09,1.2902E-07
1658,9.70284E-09,1.28872E-07
1659,9.6886E-09,1.28725E-07
1660,9.67439E-09,1.28578E-07
1661,9.66022E-09,1.28431E-07
1662,9.64607E-09,1.28284E-07
1663,9.63195E-09,1.28138E-07
1664,9.61786E-09,1.27991E-07
1665,9.60379E-09,1.27846E-07
1666,9.58976E-09,1.277E-07
1667,9.57576E-09,1.27555E-07
1668,9.56178E-09,1.27409E-07
1669,9.54784E-09,1.27264E-07
1670,9.53392E-09,1.2712E-07
1671,9.52004E-09,1.26975E-07
1672,9.50618E-09,1.26831E-07
1673,9.49235E-09,1.26687E-07
1674,9.47854E-09,1.26544E-07
1675,9.46477E-09,1.264E-07
1676,9.45102E-09,1.26257E-07
1677,9.43731E-09,1.26114E-07
1678,9.42362E-09,1.25972E-07
1679,9.40996E-09,1.25829E-07
1680,9.39632E-09,1.25687E-07
1681,9.38272E-09,1.25545E-07
1682,9.36914E-09,1.25404E-07
1683,9.35559E-09,1.25262E-07
1684,9.34207E-09,1.25121E-07
1685,9.32858E-09,1.2498E-07
1686,9.31511E-09,1.2484E-07
1687,9.30167E-09,1.24699E-07
1688,9.28826E-09,1.24559E-07
1689,9.27488E-09,1.24419E-07
1690,9.26152E-09,1.24279E-07
1691,9.24819E-09,1.2414E-07
1692,9.23489E-09,1.24001E-07
1693,9.22162E-09,1.23862E-07
1694,9.20837E-09,1.23723E-07
1695,9.19515E-09,1.23584E-07
1696,9.18195E-09,1.23446E-07
1697,9.16879E-09,1.23308E-07
1698,9.15565E-09,1.2317E-07
1699,9.14253E-09,1.23033E-07
1700,9.12945E-09,1.22895E-07
1701,9.11639E-09,1.22758E-07
1702,9.10335E-09,1.22621E-07
1703,9.09034E-09,1.22485E-07
1704,9.07736E-09,1.22348E-07
1705,9.06441E-09,1.22212E-07
1706,9.05148E-09,1.22076E-07
1707,9.03857E-09,1.21941E-07
1708,9.0257E-09,1.21805E-07
1709,9.01285E-09,1.2167E-07
1710,9.00002E-09,1.21535E-07
1711,8.98722E-09,1.214E-07
1712,8.97445E-09,1.21266E-07
1713,8.9617E-09,1.21131E-07
1714,8.94898E-09,1.20997E-07
1715,8.93628E-09,1.20863E-07
1716,8.92361E-09,1.2073E-07
1717,8.91097E-09,1.20596E-07
1718,8.89835E-09,1.20463E-07
1719,8.88575E-09,1.2033E-07
1720,8.87318E-09,1.20197E-07
1721,8.86064E-09,1.20065E-07
1722,8.84812E-09,1.19933E-07
1723,8.83562E-09,1.198E-07
1724,8.82316E-09,1.19669E-07
1725,8.81071E-09,1.19537E-07
1726,8.79829E-09,1.19406E-07
1727,8.7859E-09,1.19274E-07
1728,8.77353E-09,1.19143E-07
1729,8.76118E-09,1.19013E-07
1730,8.74886E-09,1.18882E-07
1731,8.73657E-09,1.18752E-07
1732,8.72429E-09,1.18622E-07
1733,8.71205E-09,1.18492E-07
1734,8.69982E-09,1.18362E-07
1735,8.68762E-09,1.18233E-07
1736,8.67545E-09,1.18104E-07
1737,8.6633E-09,1.17975E-07
1738,8.65117E-09,1.17846E-07
1739,8.63907E-09,1.17717E-07
1740,8.62699E-09,1.17589E-07
1741,8.61494E-09,1.17461E-07
1742,8.60291E-09,1.17333E-07
1743,8.5909E-09,1.17205E-07
1744,8.57892E-09,1.17078E-07
1745,8.56696E-09,1.1695E-07
1746,8.55503E-09,1.16823E-07
1747,8.54311E-09,1.16697E-07
1748,8.53123E-09,1.1657E-07
1749,8.51936E-09,1.16443E-07
1750,8.50752E-09,1.16317E-07
1751,8.4957E-09,1.16191E-07
1752,8.48391E-09,1.16065E-07
1753,8.47213E-09,1.1594E-07
1754,8.46039E-09,1.15814E-07
1755,8.44866E-09,1.15689E-07
1756,8.43696E-09,1.15564E-07
1757,8.42528E-09,1.1544E-07
1758,8.41362E-09,1.15315E-07
1759,8.40199E-09,1.15191E-07
1760,8.39038E-09,1.15066E-07
1761,8.37879E-09,1.14943E-07
1762,8.36722E-09,1.14819E-07
1763,8.35568E-09,1.14695E-07
1764,8.34416E-09,1.14572E-07
1765,8.33266E-09,1.14449E-07
1766,8.32119E-09,1.14326E-07
1767,8.30973E-09,1.14203E-07
1768,8.2983E-09,1.14081E-07
1769,8.28689E-09,1.13958E-07
1770,8.27551E-09,1.13836E-07
1771,8.26414E-09,1.13714E-07
1772,8.2528E-09,1.13593E-07
1773,8.24148E-09,1.13471E-07
1774,8.23018E-09,1.1335E-07
1775,8.21891E-09,1.13229E-07
1776,8.20765E-09,1.13108E-07
1777,8.19642E-09,1.12987E-07
1778,8.18521E-09,1.12866E-07
1779,8.17402E-09,1.12746E-07
1780,8.16285E-09,1.12626E-07
1781,8.15171E-09,1.12506E-07
1782,8.14058E-09,1.12386E-07
1783,8.12948E-09,1.12267E-07
1784,8.1184E-09,1.12147E-07
1785,8.10734E-09,1.12028E-07
1786,8.0963E-09,1.11909E-07
1787,8.08528E-09,1.1179E-07
1788,8.07429E-09,1.11672E-07
1789,8.06331E-09,1.11553E-07
1790,8.05236E-09,1.11435E-07
1791,8.04143E-09,1.11317E-07
1792,8.03052E-09,1.11199E-07
1793,8.01963E-09,1.11082E-07
1794,8.00876E-09,1.10964E-07
1795,7.99791E-09,1.10847E-07
1796,7.98708E-09,1.1073E-07
1797,7.97627E-09,1.10613E-07
1798,7.96549E-09,1.10497E-07
1799,7.95472E-09,1.1038E-07
1800,7.94398E-09,1.10264E-07
1801,7.93325E-09,1.10148E-07
1802,7.92255E-09,1.10032E-07
1803,7.91187E-09,1.09916E-07
1804,7.9012E-09,1.098E-07
1805,7.89056E-09,1.09685E-07
1806,7.87994E-09,1.0957E-07
1807,7.86934E-09,1.09455E-07
1808,7.85875E-09,1.0934E-07
1809,7.84819E-09,1.09225E-07
1810,7.83765E-09,1.09111E-07
1811,7.82713E-09,1.08997E-07
1812,7.81663E-09,1.08883E-07
1813,7.80615E-09,1.08769E-07
1814,7.79568E-09,1.08655E-07
1815,7.78524E-09,1.08542E-07
1816,7.77482E-09,1.08428E-07
1817,7.76442E-09,1.08315E-07
1818,7.75404E-09,1.08202E-07
1819,7.74367E-09,1.08089E-07
1820,7.73333E-09,1.07977E-07
1821,7.72301E-09,1.07864E-07
1822,7.7127E-09,1.07752E-07
1823,7.70242E-09,1.0764E-07
1824,7.69215E-09,1.07528E-07
1825,7.68191E-09,1.07416E-07
1826,7.67168E-09,1.07305E-07
1827,7.66147E-09,1.07193E-07
1828,7.65129E-09,1.07082E-07
1829,7.64112E-09,1.06971E-07
1830,7.63097E-09,1.0686E-07
1831,7.62084E-09,1.0675E-07
1832,7.61073E-09,1.06639E-07
1833,7.60063E-09,1.06529E-07
1834,7.59056E-09,1.06419E-07
1835,7.58051E-09,1.06309E-07
1836,7.57047E-09,1.06199E-07
1837,7.56045E-09,1.06089E-07
1838,7.55045E-09,1.0598E-07
1839,7.54048E-09,1.05871E-07
1840,7.53051E-09,1.05762E-07
1841,7.52057E-09,1.05653E-07
1842,7.51065E-09,1.05544E-07
1843,7.50074E-09,1.05435E-07
1844,7.49086E-09,1.05327E-07
1845,7.48099E-09,1.05219E-07
1846,7.47114E-09,1.05111E-07
1847,7.46131E-09,1.05003E-07
1848,7.4515E-09,1.04895E-07
1849,7.4417E-09,1.04787E-07
1850,7.43193E-09,1.0468E-07
1851,7.42217E-09,1.04573E-07
1852,7.41243E-09,1.04466E-07
1853,7.40271E-09,1.04359E-07
1854,7.393E-09,1.04252E-07
1855,7.38332E-09,1.04146E-07
1856,7.37365E-09,1.04039E-07
1857,7.364E-09,1.03933E-07
1858,7.35437E-09,1.03827E-07
1859,7.34476E-09,1.03721E-07
1860,7.33516E-09,1.03615E-07
1861,7.32558E-09,1.0351E-07
1862,7.31602E-09,1.03404E-07
1863,7.30648E-09,1.03299E-07
1864,7.29695E-09,1.03194E-07
1865,7.28745E-09,1.03089E-07
1866,7.27796E-09,1.02984E-07
1867,7.26848E-09,1.0288E-07
1868,7.25903E-09,1.02775E-07
1869,7.24959E-09,1.02671E-07
1870,7.24017E-09,1.02567E-07
1871,7.23077E-09,1.02463E-07
1872,7.22138E-09,1.02359E-07
1873,7.21201E-09,1.02256E-07
1874,7.20266E-09,1.02152E-07
1875,7.19333E-09,1.02049E-07
1876,7.18401E-09,1.01946E-07
1877,7.17471E-09,1.01843E-07
1878,7.16543E-09,1.0174E-07
1879,7.15616E-09,1.01638E-07
1880,7.14692E-09,1.01535E-07
1881,7.13768E-09,1.01433E-07
1882,7.12847E-09,1.01331E-07
1883,7.11927E-09,1.01229E-07
1884,7.11009E-09,1.01127E-07
1885,7.10093E-09,1.01025E-07
1886,7.09178E-09,1.00923E-07
1887,7.08265E-09,1.00822E-07
1888,7.07353E-09,1.00721E-07
1889,7.06444E-09,1.0062E-07
1890,7.05535E-09,1.00519E-07
1891,7.04629E-09,1.00418E-07
1892,7.03724E-09,1.00318E-07
1893,7.02821E-09,1.00217E-07
1894,7.0192E-09,1.00117E-07
1895,7.0102E-09,1.00017E-07
1896,7.00121E-09,9.99166E-08
1897,6.99225E-09,9.98168E-08
1898,6.9833E-09,9.97171E-08
1899,6.97437E-09,9.96176E-08
1900,6.96545E-09,9.95182E-08
1901,6.95655E-09,9.9419E-08
1902,6.94766E-09,9.93199E-08
1903,6.93879E-09,9.92209E-08
1904,6.92994E-09,9.91222E-08
1905,6.9211E-09,9.90235E-08
1906,6.91228E-09,9.89251E-08
1907,6.90348E-09,9.88268E-08
1908,6.89469E-09,9.87286E-08
1909,6.88592E-09,9.86306E-08
1910,6.87716E-09,9.85327E-08
1911,6.86842E-09,9.84349E-08
1912,6.85969E-09,9.83374E-08
1913,6.85098E-09,9.82399E-08
1914,6.84229E-09,9.81427E-08
1915,6.83361E-09,9.80455E-08
1916,6.82495E-09,9.79485E-08
1917,6.8163E-09,9.78517E-08
1918,6.80767E-09,9.7755E-08
1919,6.79905E-09,9.76584E-08
1920,6.79045E-09,9.7562E-08
1921,6.78186E-09,9.74658E-08
1922,6.77329E-09,9.73697E-08
1923,6.76474E-09,9.72737E-08
1924,6.7562E-09,9.71779E-08
1925,6.74767E-09,9.70822E-08
1926,6.73916E-09,9.69867E-08
1927,6.73067E-09,9.68913E-08
1928,6.72219E-09,9.67961E-08
1929,6.71373E-09,9.6701E-08
1930,6.70528E-09,9.6606E-08
1931,6.69685E-09,9.65112E-08
1932,6.68843E-09,9.64165E-08
1933,6.68003E-09,9.6322E-08
1934,6.67164E-09,9.62276E-08
1935,6.66326E-09,9.61333E-08
1936,6.65491E-09,9.60392E-08
1937,6.64656E-09,9.59453E-08
1938,6.63823E-09,9.58515E-08
1939,6.62992E-09,9.57578E-08
1940,6.62162E-09,9.56642E-08
1941,6.61334E-09,9.55708E-08
1942,6.60507E-09,9.54776E-08
1943,6.59681E-09,9.53844E-08
1944,6.58857E-09,9.52915E-08
1945,6.58034E-09,9.51986E-08
1946,6.57213E-09,9.51059E-08
1947,6.56394E-09,9.50133E-08
1948,6.55575E-09,9.49209E-08
1949,6.54759E-09,9.48286E-08
1950,6.53943E-09,9.47365E-08
1951,6.53129E-09,9.46444E-08
1952,6.52317E-09,9.45526E-08
1953,6.51506E-09,9.44608E-08
1954,6.50696E-09,9.43692E-08
1955,6.49888E-09,9.42777E-08
1956,6.49081E-09,9.41864E-08
1957,6.48276E-09,9.40952E-08
1958,6.47472E-09,9.40041E-08
1959,6.4667E-09,9.39132E-08
1960,6.45868E-09,9.38224E-08
1961,6.45069E-09,9.37318E-08
1962,6.4427E-09,9.36412E-08
1963,6.43474E-09,9.35508E-08
1964,6.42678E-09,9.34606E-08
1965,6.41884E-09,9.33704E-08
1966,6.41091E-09,9.32805E-08
1967,6.403E-09,9.31906E-08
1968,6.3951E-09,9.31009E-08
1969,6.38722E-09,9.30113E-08
1970,6.37934E-09,9.29218E-08
1971,6.37149E-09,9.28325E-08
1972,6.36364E-09,9.27433E-08
1973,6.35581E-09,9.26542E-08
1974,6.34799E-09,9.25653E-08
1975,6.34019E-09,9.24765E-08
1976,6.3324E-09,9.23878E-08
1977,6.32463E-09,9.22993E-08
1978,6.31686E-09,9.22108E-08
1979,6.30911E-09,9.21226E-08
1980,6.30138E-09,9.20344E-08
1981,6.29366E-09,9.19464E-08
1982,6.28595E-09,9.18585E-08
1983,6.27825E-09,9.17707E-08
1984,6.27057E-09,9.16831E-08
1985,6.2629E-09,9.15955E-08
1986,6.25525E-09,9.15082E-08
1987,6.24761E-09,9.14209E-08
1988,6.23998E-09,9.13338E-08
1989,6.23236E-09,9.12468E-08
1990,6.22476E-09,9.11599E-08
1991,6.21717E-09,9.10732E-08
1992,6.20959E-09,9.09865E-08
1993,6.20203E-09,9.09E-08
1994,6.19448E-09,9.08137E-08
1995,6.18694E-09,9.07274E-08
1996,6.17942E-09,9.06413E-08
1997,6.17191E-09,9.05553E-08
1998,6.16441E-09,9.04694E-08
1999,6.15693E-09,9.03837E-08
2000,6.14945E-09,9.02981E-08
