t,zero_1,zero_2,zero_3,zero_4,zero_5
0,28.26945028,42.04407928,50.02171516,60.84975225,65.87012318
0.001,28.26887066,42.04332429,50.02112932,60.84879686,65.8696577
0.002,28.26829103,42.04256932,50.02054348,60.84784153,65.86919217
0.003,28.26771141,42.04181436,50.01995763,60.84688626,65.8687266
0.004,28.2671318,42.04105942,50.01937177,60.84593105,65.86826096
0.005,28.26655219,42.04030449,50.01878591,60.8449759,65.86779529
0.006,28.26597258,42.03954958,50.01820004,60.84402081,65.86732956
0.007,28.26539298,42.03879468,50.01761416,60.84306578,65.86686377
0.008,28.26481338,42.0380398,50.01702827,60.84211081,65.86639793
0.009,28.26423379,42.03728493,50.01644238,60.8411559,65.86593204
0.01,28.2636542,42.03653008,50.01585648,60.84020104,65.86546609
0.011,28.26307461,42.03577524,50.01527057,60.83924626,65.86500013
0.012,28.26249503,42.03502042,50.01468466,60.83829153,65.86453407
0.013,28.26191546,42.03426561,50.01409874,60.83733685,65.86406798
0.014,28.26133589,42.03351082,50.01351281,60.83638225,65.86360181
0.015,28.26075632,42.03275604,50.01292688,60.83542769,65.86313563
0.016,28.26017676,42.03200128,50.01234094,60.8344732,65.86266937
0.017,28.2595972,42.03124654,50.01175499,60.83351877,65.86220307
0.018,28.25901765,42.0304918,50.01116903,60.8325644,65.8617367
0.019,28.2584381,42.02973709,50.01058307,60.83161009,65.8612703
0.02,28.25785855,42.02898239,50.0099971,60.83065584,65.86080384
0.021,28.25727901,42.0282277,50.00941113,60.82970165,65.86033734
0.022,28.25669948,42.02747303,50.00882514,60.82874752,65.85987077
0.023,28.25611994,42.02671837,50.00823915,60.82779345,65.85940415
0.024,28.25554042,42.02596373,50.00765316,60.82683943,65.85893748
0.025,28.25496089,42.02520911,50.00706715,60.82588548,65.85847078
0.026,28.25438138,42.0244545,50.00648114,60.82493159,65.858004
0.027,28.25380186,42.0236999,50.00589512,60.82397776,65.85753717
0.028,28.25322235,42.02294532,50.0053091,60.82302399,65.8570703
0.029,28.25264285,42.02219076,50.00472307,60.82207027,65.85660336
0.03,28.25206335,42.02143621,50.00413703,60.82111662,65.8561364
0.031,28.25148385,42.02068167,50.00355098,60.82016302,65.85566936
0.032,28.25090436,42.01992715,50.00296493,60.81920949,65.85520227
0.033,28.25032487,42.01917265,50.00237887,60.81825602,65.85473513
0.034,28.24974539,42.01841816,50.0017928,60.8173026,65.85426796
0.035,28.24916591,42.01766368,50.00120673,60.81634924,65.85380074
0.036,28.24858643,42.01690922,50.00062065,60.81539595,65.85333345
0.037,28.24800696,42.01615478,50.00003456,60.81444271,65.8528661
0.038,28.2474275,42.01540035,49.99944847,60.81348953,65.85239871
0.039,28.24684804,42.01464593,49.99886237,60.81253641,65.85193127
0.04,28.24626858,42.01389153,49.99827626,60.81158336,65.85146378
0.041,28.24568913,42.01313715,49.99769014,60.81063036,65.85099623
0.042,28.24510968,42.01238278,49.99710402,60.80967742,65.85052864
0.043,28.24453024,42.01162842,49.99651789,60.80872454,65.85006099
0.044,28.2439508,42.01087408,49.99593176,60.80777172,65.8495933
0.045,28.24337136,42.01011976,49.99534562,60.80681896,65.84912554
0.046,28.24279193,42.00936545,49.99475947,60.80586625,65.84865774
0.047,28.24221251,42.00861116,49.99417331,60.80491361,65.84818989
0.048,28.24163308,42.00785688,49.99358715,60.80396103,65.84772198
0.049,28.24105367,42.00710261,49.99300098,60.8030085,65.84725404
0.05,28.24047425,42.00634836,49.9924148,60.80205604,65.84678602
0.051,28.23989485,42.00559413,49.99182861,60.80110364,65.84631798
0.052,28.23931544,42.00483991,49.99124242,60.80015129,65.84584987
0.053,28.23873604,42.00408571,49.99065623,60.799199,65.8453817
0.054,28.23815665,42.00333152,49.99007002,60.79824677,65.84491348
0.055,28.23757726,42.00257734,49.98948381,60.7972946,65.84444523
0.056,28.23699787,42.00182319,49.98889759,60.7963425,65.84397692
0.057,28.23641849,42.00106904,49.98831136,60.79539045,65.84350853
0.058,28.23583911,42.00031491,49.98772513,60.79443845,65.84304013
0.059,28.23525974,41.9995608,49.98713889,60.79348652,65.84257167
0.06,28.23468037,41.9988067,49.98655265,60.79253465,65.84210315
0.061,28.23410101,41.99805262,49.98596639,60.79158283,65.84163459
0.062,28.23352165,41.99729855,49.98538013,60.79063108,65.84116597
0.063,28.23294229,41.9965445,49.98479387,60.78967938,65.84069729
0.064,28.23236294,41.99579046,49.98420759,60.78872775,65.84022855
0.065,28.23178359,41.99503643,49.98362131,60.78777617,65.83975979
0.066,28.23120425,41.99428242,49.98303503,60.78682465,65.83929098
0.067,28.23062491,41.99352843,49.98244873,60.78587319,65.8388221
0.068,28.23004558,41.99277445,49.98186243,60.78492179,65.83835318
0.069,28.22946625,41.99202049,49.98127612,60.78397045,65.8378842
0.07,28.22888693,41.99126654,49.98068981,60.78301916,65.83741516
0.071,28.2283076,41.99051261,49.98010348,60.78206794,65.83694608
0.072,28.22772829,41.98975869,49.97951716,60.78111677,65.83647696
0.073,28.22714898,41.98900479,49.97893082,60.78016567,65.83600778
0.074,28.22656967,41.9882509,49.97834448,60.77921462,65.83553854
0.075,28.22599037,41.98749703,49.97775813,60.77826363,65.83506927
0.076,28.22541107,41.98674317,49.97717177,60.7773127,65.83459995
0.077,28.22483178,41.98598933,49.97658541,60.77636183,65.83413054
0.078,28.22425249,41.9852355,49.97599904,60.77541102,65.83366111
0.079,28.2236732,41.98448168,49.97541266,60.77446026,65.83319164
0.08,28.22309392,41.98372789,49.97482628,60.77350956,65.83272209
0.081,28.22251465,41.9829741,49.97423989,60.77255893,65.8322525
0.082,28.22193537,41.98222034,49.97365349,60.77160835,65.83178287
0.083,28.22135611,41.98146658,49.97306709,60.77065783,65.83131319
0.084,28.22077684,41.98071284,49.97248067,60.76970737,65.83084346
0.085,28.22019758,41.97995912,49.97189426,60.76875696,65.83037367
0.086,28.21961833,41.97920541,49.97130783,60.76780663,65.82990384
0.087,28.21903908,41.97845172,49.9707214,60.76685634,65.82943396
0.088,28.21845984,41.97769804,49.97013496,60.76590611,65.82896398
0.089,28.21788059,41.97694438,49.96954852,60.76495595,65.82849401
0.09,28.21730136,41.97619073,49.96896206,60.76400584,65.82802399
0.091,28.21672213,41.9754371,49.9683756,60.76305579,65.82755387
0.092,28.2161429,41.97468348,49.96778914,60.76210579,65.82708375
0.093,28.21556368,41.97392988,49.96720266,60.76115586,65.82661355
0.094,28.21498446,41.97317629,49.96661619,60.76020598,65.8261433
0.095,28.21440524,41.97242272,49.9660297,60.75925617,65.82567299
0.096,28.21382603,41.97166916,49.96544321,60.75830641,65.82520266
0.097,28.21324683,41.97091562,49.96485671,60.75735671,65.82473225
0.098,28.21266763,41.97016209,49.9642702,60.75640707,65.82426182
0.099,28.21208843,41.96940858,49.96368368,60.75545748,65.82379134
0.1,28.21150924,41.96865508,49.96309716,60.75450796,65.82332079
0.101,28.21093005,41.9679016,49.96251064,60.75355849,65.82285019
0.102,28.21035086,41.96714813,49.9619241,60.75260908,65.82237954
0.103,28.20977169,41.96639468,49.96133756,60.75165973,65.82190884
0.104,28.20919251,41.96564124,49.96075101,60.75071044,65.8214381
0.105,28.20861334,41.96488782,49.96016446,60.74976121,65.82096731
0.106,28.20803417,41.96413441,49.9595779,60.74881203,65.82049645
0.107,28.20745501,41.96338101,49.95899133,60.74786292,65.82002555
0.108,28.20687586,41.96262764,49.95840475,60.74691385,65.81955463
0.109,28.2062967,41.96187427,49.95781817,60.74596485,65.81908362
0.11,28.20571755,41.96112093,49.95723158,60.74501591,65.81861257
0.111,28.20513841,41.96036759,49.95664499,60.74406703,65.81814147
0.112,28.20455927,41.95961428,49.95605838,60.7431182,65.81767033
0.113,28.20398014,41.95886097,49.95547177,60.74216944,65.81719913
0.114,28.20340101,41.95810768,49.95488516,60.74122072,65.81672789
0.115,28.20282188,41.95735441,49.95429853,60.74027207,65.81625657
0.116,28.20224276,41.95660115,49.95371191,60.73932348,65.81578525
0.117,28.20166364,41.95584791,49.95312527,60.73837494,65.81531384
0.118,28.20108453,41.95509468,49.95253863,60.73742646,65.8148424
0.119,28.20050542,41.95434147,49.95195198,60.73647805,65.8143709
0.12,28.19992631,41.95358827,49.95136532,60.73552968,65.81389936
0.121,28.19934721,41.95283509,49.95077865,60.73458138,65.81342776
0.122,28.19876812,41.95208192,49.95019198,60.73363313,65.81295612
0.123,28.19818903,41.95132877,49.94960531,60.73268495,65.81248439
0.124,28.19760994,41.95057563,49.94901862,60.73173681,65.81201267
0.125,28.19703086,41.94982251,49.94843193,60.73078874,65.81154087
0.126,28.19645178,41.9490694,49.94784523,60.72984073,65.81106903
0.127,28.19587271,41.9483163,49.94725853,60.72889277,65.81059713
0.128,28.19529364,41.94756323,49.94667182,60.72794487,65.81012518
0.129,28.19471458,41.94681016,49.9460851,60.72699703,65.80965319
0.13,28.19413552,41.94605711,49.94549837,60.72604925,65.80918115
0.131,28.19355646,41.94530408,49.94491164,60.72510152,65.80870904
0.132,28.19297741,41.94455106,49.9443249,60.72415386,65.80823691
0.133,28.19239836,41.94379806,49.94373816,60.72320625,65.80776471
0.134,28.19181932,41.94304507,49.94315141,60.72225869,65.80729246
0.135,28.19124028,41.9422921,49.94256465,60.7213112,65.80682018
0.136,28.19066125,41.94153914,49.94197788,60.72036376,65.80634783
0.137,28.19008222,41.9407862,49.94139111,60.71941638,65.80587544
0.138,28.18950319,41.94003327,49.94080433,60.71846906,65.80540301
0.139,28.18892417,41.93928035,49.94021755,60.7175218,65.8049305
0.14,28.18834516,41.93852745,49.93963075,60.71657459,65.80445798
0.141,28.18776615,41.93777457,49.93904395,60.71562745,65.80398537
0.142,28.18718714,41.9370217,49.93845715,60.71468035,65.80351273
0.143,28.18660814,41.93626885,49.93787034,60.71373332,65.80304003
0.144,28.18602914,41.93551601,49.93728352,60.71278635,65.8025673
0.145,28.18545015,41.93476318,49.93669669,60.71183943,65.80209451
0.146,28.18487116,41.93401038,49.93610986,60.71089256,65.80162167
0.147,28.18429217,41.93325758,49.93552302,60.70994576,65.80114879
0.148,28.18371319,41.9325048,49.93493617,60.70899902,65.80067584
0.149,28.18313421,41.93175204,49.93434932,60.70805233,65.80020287
0.15,28.18255524,41.93099929,49.93376246,60.7071057,65.79972983
0.151,28.18197627,41.93024655,49.93317559,60.70615912,65.79925675
0.152,28.18139731,41.92949384,49.93258872,60.70521261,65.79878363
0.153,28.18081835,41.92874113,49.93200184,60.70426615,65.79831042
0.154,28.1802394,41.92798844,49.93141495,60.70331975,65.7978372
0.155,28.17966045,41.92723577,49.93082805,60.7023734,65.7973639
0.156,28.1790815,41.92648311,49.93024115,60.70142712,65.79689057
0.157,28.17850256,41.92573046,49.92965425,60.70048089,65.79641719
0.158,28.17792363,41.92497783,49.92906733,60.69953472,65.79594377
0.159,28.1773447,41.92422522,49.92848041,60.6985886,65.79547028
0.16,28.17676577,41.92347262,49.92789348,60.69764254,65.79499675
0.161,28.17618684,41.92272003,49.92730655,60.69669654,65.79452319
0.162,28.17560793,41.92196746,49.92671961,60.6957506,65.79404955
0.163,28.17502901,41.92121491,49.92613266,60.69480472,65.79357586
0.164,28.1744501,41.92046237,49.92554571,60.69385889,65.79310215
0.165,28.1738712,41.91970984,49.92495874,60.69291312,65.79262836
0.166,28.1732923,41.91895733,49.92437178,60.6919674,65.79215454
0.167,28.1727134,41.91820484,49.9237848,60.69102175,65.79168067
0.168,28.17213451,41.91745236,49.92319782,60.69007614,65.79120675
0.169,28.17155562,41.91669989,49.92261083,60.6891306,65.79073277
0.17,28.17097674,41.91594744,49.92202384,60.68818511,65.79025877
0.171,28.17039786,41.91519501,49.92143684,60.68723969,65.78978469
0.172,28.16981898,41.91444258,49.92084983,60.68629432,65.78931057
0.173,28.16924011,41.91369018,49.92026281,60.685349,65.78883641
0.174,28.16866125,41.91293779,49.91967579,60.68440375,65.78836221
0.175,28.16808238,41.91218541,49.91908876,60.68345854,65.78788793
0.176,28.16750353,41.91143305,49.91850173,60.6825134,65.78741362
0.177,28.16692468,41.9106807,49.91791469,60.68156832,65.78693924
0.178,28.16634583,41.90992837,49.91732764,60.68062328,65.78646484
0.179,28.16576698,41.90917606,49.91674058,60.67967831,65.7859904
0.18,28.16518814,41.90842376,49.91615352,60.6787334,65.78551587
0.181,28.16460931,41.90767147,49.91556645,60.67778854,65.78504131
0.182,28.16403048,41.9069192,49.91497938,60.67684374,65.7845667
0.183,28.16345165,41.90616694,49.91439229,60.67589899,65.78409207
0.184,28.16287283,41.9054147,49.9138052,60.6749543,65.78361736
0.185,28.16229401,41.90466247,49.91321811,60.67400967,65.78314259
0.186,28.1617152,41.90391026,49.91263101,60.6730651,65.78266781
0.187,28.16113639,41.90315806,49.9120439,60.67212058,65.78219295
0.188,28.16055759,41.90240588,49.91145678,60.67117612,65.78171804
0.189,28.15997879,41.90165371,49.91086966,60.67023172,65.78124309
0.19,28.1594,41.90090156,49.91028253,60.66928737,65.78076812
0.191,28.1588212,41.90014942,49.9096954,60.66834308,65.78029308
0.192,28.15824242,41.8993973,49.90910825,60.66739884,65.77981797
0.193,28.15766364,41.89864519,49.9085211,60.66645467,65.77934282
0.194,28.15708486,41.8978931,49.90793395,60.66551054,65.77886764
0.195,28.15650609,41.89714102,49.90734679,60.66456648,65.7783924
0.196,28.15592732,41.89638896,49.90675962,60.66362247,65.77791711
0.197,28.15534855,41.89563691,49.90617244,60.66267852,65.77744177
0.198,28.15476979,41.89488488,49.90558526,60.66173463,65.77696641
0.199,28.15419104,41.89413286,49.90499807,60.66079079,65.77649096
0.2,28.15361229,41.89338086,49.90441088,60.65984701,65.77601546
0.201,28.15303354,41.89262887,49.90382367,60.65890329,65.77553994
0.202,28.1524548,41.8918769,49.90323646,60.65795962,65.77506437
0.203,28.15187606,41.89112494,49.90264925,60.65701601,65.77458873
0.204,28.15129733,41.89037299,49.90206203,60.65607245,65.77411305
0.205,28.1507186,41.88962106,49.9014748,60.65512895,65.77363734
0.206,28.15013988,41.88886915,49.90088756,60.65418551,65.77316157
0.207,28.14956116,41.88811725,49.90030032,60.65324213,65.77268576
0.208,28.14898244,41.88736537,49.89971307,60.6522988,65.77220986
0.209,28.14840373,41.8866135,49.89912581,60.65135553,65.77173394
0.21,28.14782502,41.88586164,49.89853855,60.65041231,65.771258
0.211,28.14724632,41.8851098,49.89795128,60.64946915,65.77078197
0.212,28.14666762,41.88435798,49.89736401,60.64852605,65.77030591
0.213,28.14608893,41.88360617,49.89677672,60.647583,65.76982981
0.214,28.14551024,41.88285437,49.89618944,60.64664001,65.76935364
0.215,28.14493156,41.88210259,49.89560214,60.64569707,65.76887744
0.216,28.14435288,41.88135083,49.89501484,60.64475419,65.76840118
0.217,28.1437742,41.88059908,49.89442753,60.64381137,65.76792488
0.218,28.14319553,41.87984734,49.89384021,60.64286861,65.76744854
0.219,28.14261686,41.87909562,49.89325289,60.6419259,65.76697214
0.22,28.1420382,41.87834392,49.89266556,60.64098325,65.76649568
0.221,28.14145954,41.87759222,49.89207823,60.64004065,65.76601919
0.222,28.14088089,41.87684055,49.89149089,60.63909811,65.76554265
0.223,28.14030224,41.87608889,49.89090354,60.63815563,65.76506607
0.224,28.1397236,41.87533724,49.89031618,60.63721319,65.76458942
0.225,28.13914496,41.87458561,49.88972882,60.63627082,65.76411272
0.226,28.13856632,41.87383399,49.88914145,60.63532851,65.763636
0.227,28.13798769,41.87308239,49.88855408,60.63438625,65.76315922
0.228,28.13740906,41.8723308,49.88796669,60.63344404,65.76268238
0.229,28.13683044,41.87157923,49.8873793,60.6325019,65.76220552
0.23,28.13625182,41.87082768,49.88679191,60.6315598,65.76172859
0.231,28.13567321,41.87007613,49.88620451,60.63061777,65.76125158
0.232,28.1350946,41.86932461,49.8856171,60.62967579,65.76077458
0.233,28.13451599,41.86857309,49.88502968,60.62873387,65.76029749
0.234,28.13393739,41.8678216,49.88444226,60.627792,65.75982038
0.235,28.1333588,41.86707011,49.88385483,60.62685019,65.75934322
0.236,28.13278021,41.86631864,49.8832674,60.62590843,65.758866
0.237,28.13220162,41.86556719,49.88267996,60.62496673,65.75838873
0.238,28.13162304,41.86481575,49.88209251,60.62402509,65.75791144
0.239,28.13104446,41.86406433,49.88150506,60.6230835,65.75743408
0.24,28.13046588,41.86331292,49.88091759,60.62214197,65.75695666
0.241,28.12988731,41.86256153,49.88033013,60.62120049,65.7564792
0.242,28.12930875,41.86181015,49.87974265,60.62025907,65.75600171
0.243,28.12873019,41.86105878,49.87915517,60.61931771,65.75552417
0.244,28.12815163,41.86030744,49.87856768,60.6183764,65.75504657
0.245,28.12757308,41.8595561,49.87798019,60.61743515,65.75456891
0.246,28.12699453,41.85880478,49.87739269,60.61649395,65.75409123
0.247,28.12641599,41.85805348,49.87680518,60.61555281,65.75361349
0.248,28.12583745,41.85730219,49.87621767,60.61461172,65.7531357
0.249,28.12525892,41.85655091,49.87563015,60.61367069,65.75265785
0.25,28.12468039,41.85579965,49.87504262,60.61272972,65.75217998
0.251,28.12410186,41.85504841,49.87445508,60.6117888,65.75170204
0.252,28.12352334,41.85429718,49.87386754,60.61084794,65.75122408
0.253,28.12294483,41.85354596,49.87328,60.60990713,65.75074605
0.254,28.12236632,41.85279476,49.87269244,60.60896638,65.75026797
0.255,28.12178781,41.85204357,49.87210488,60.60802568,65.74978985
0.256,28.12120931,41.8512924,49.87151732,60.60708504,65.7493117
0.257,28.12063081,41.85054125,49.87092974,60.60614446,65.74883346
0.258,28.12005231,41.8497901,49.87034216,60.60520393,65.74835521
0.259,28.11947382,41.84903898,49.86975458,60.60426346,65.74787689
0.26,28.11889534,41.84828787,49.86916698,60.60332304,65.74739855
0.261,28.11831686,41.84753677,49.86857938,60.60238268,65.74692014
0.262,28.11773838,41.84678569,49.86799178,60.60144237,65.74644169
0.263,28.11715991,41.84603462,49.86740416,60.60050212,65.74596318
0.264,28.11658144,41.84528357,49.86681655,60.59956192,65.74548465
0.265,28.11600298,41.84453253,49.86622892,60.59862179,65.74500604
0.266,28.11542452,41.84378151,49.86564129,60.5976817,65.7445274
0.267,28.11484607,41.8430305,49.86505365,60.59674167,65.74404872
0.268,28.11426762,41.8422795,49.864466,60.5958017,65.74356998
0.269,28.11368917,41.84152853,49.86387835,60.59486178,65.74309119
0.27,28.11311073,41.84077756,49.86329069,60.59392192,65.74261236
0.271,28.11253229,41.84002661,49.86270303,60.59298211,65.74213348
0.272,28.11195386,41.83927568,49.86211535,60.59204236,65.74165456
0.273,28.11137543,41.83852476,49.86152768,60.59110266,65.74117559
0.274,28.11079701,41.83777386,49.86093999,60.59016302,65.74069657
0.275,28.11021859,41.83702297,49.8603523,60.58922343,65.74021749
0.276,28.10964018,41.83627209,49.8597646,60.5882839,65.7397384
0.277,28.10906177,41.83552123,49.8591769,60.58734443,65.73925922
0.278,28.10848336,41.83477039,49.85858918,60.586405,65.73878001
0.279,28.10790496,41.83401956,49.85800147,60.58546564,65.73830076
0.28,28.10732656,41.83326874,49.85741374,60.58452633,65.73782146
0.281,28.10674817,41.83251794,49.85682601,60.58358707,65.73734212
0.282,28.10616978,41.83176715,49.85623827,60.58264787,65.73686271
0.283,28.1055914,41.83101638,49.85565053,60.58170873,65.73638327
0.284,28.10501302,41.83026563,49.85506278,60.58076964,65.73590378
0.285,28.10443465,41.82951489,49.85447502,60.57983061,65.73542426
0.286,28.10385628,41.82876416,49.85388726,60.57889163,65.73494466
0.287,28.10327791,41.82801345,49.85329949,60.5779527,65.73446501
0.288,28.10269955,41.82726275,49.85271171,60.57701383,65.73398535
0.289,28.10212119,41.82651207,49.85212393,60.57607502,65.73350564
0.29,28.10154284,41.8257614,49.85153614,60.57513626,65.73302588
0.291,28.10096449,41.82501075,49.85094834,60.57419756,65.73254605
0.292,28.10038615,41.82426011,49.85036054,60.57325891,65.73206617
0.293,28.09980781,41.82350949,49.84977273,60.57232032,65.73158627
0.294,28.09922948,41.82275888,49.84918492,60.57138178,65.73110629
0.295,28.09865115,41.82200828,49.84859709,60.5704433,65.73062628
0.296,28.09807282,41.82125771,49.84800926,60.56950487,65.73014625
0.297,28.0974945,41.82050714,49.84742143,60.56856649,65.72966614
0.298,28.09691618,41.81975659,49.84683359,60.56762818,65.72918599
0.299,28.09633787,41.81900606,49.84624574,60.56668991,65.72870579
0.3,28.09575956,41.81825554,49.84565788,60.5657517,65.72822555
0.301,28.09518126,41.81750503,49.84507002,60.56481355,65.72774528
0.302,28.09460296,41.81675454,49.84448215,60.56387545,65.72726494
0.303,28.09402466,41.81600407,49.84389428,60.56293741,65.72678456
0.304,28.09344637,41.81525361,49.8433064,60.56199942,65.72630413
0.305,28.09286809,41.81450316,49.84271851,60.56106148,65.72582365
0.306,28.09228981,41.81375273,49.84213062,60.5601236,65.72534313
0.307,28.09171153,41.81300232,49.84154272,60.55918578,65.72486257
0.308,28.09113326,41.81225191,49.84095481,60.558248,65.72438196
0.309,28.09055499,41.81150153,49.8403669,60.55731029,65.72390129
0.31,28.08997672,41.81075116,49.83977898,60.55637263,65.7234206
0.311,28.08939847,41.8100008,49.83919105,60.55543503,65.72293983
0.312,28.08882021,41.80925046,49.83860312,60.55449747,65.72245903
0.313,28.08824196,41.80850013,49.83801518,60.55355998,65.72197818
0.314,28.08766371,41.80774982,49.83742723,60.55262253,65.72149729
0.315,28.08708547,41.80699952,49.83683928,60.55168515,65.72101636
0.316,28.08650724,41.80624924,49.83625132,60.55074781,65.72053537
0.317,28.085929,41.80549897,49.83566335,60.54981054,65.72005434
0.318,28.08535078,41.80474871,49.83507538,60.54887331,65.71957327
0.319,28.08477255,41.80399847,49.8344874,60.54793614,65.71909214
0.32,28.08419433,41.80324825,49.83389942,60.54699903,65.71861096
0.321,28.08361612,41.80249804,49.83331143,60.54606197,65.71812975
0.322,28.08303791,41.80174785,49.83272343,60.54512496,65.71764849
0.323,28.0824597,41.80099767,49.83213543,60.54418802,65.71716718
0.324,28.0818815,41.8002475,49.83154741,60.54325112,65.71668582
0.325,28.0813033,41.79949735,49.8309594,60.54231428,65.71620441
0.326,28.08072511,41.79874722,49.83037137,60.54137749,65.71572295
0.327,28.08014692,41.7979971,49.82978334,60.54044076,65.71524146
0.328,28.07956874,41.79724699,49.82919531,60.53950408,65.71475992
0.329,28.07899056,41.7964969,49.82860726,60.53856746,65.71427833
0.33,28.07841238,41.79574682,49.82801921,60.53763089,65.7137967
0.331,28.07783421,41.79499676,49.82743116,60.53669437,65.71331502
0.332,28.07725605,41.79424671,49.82684309,60.53575791,65.71283329
0.333,28.07667788,41.79349668,49.82625503,60.5348215,65.71235151
0.334,28.07609973,41.79274666,49.82566695,60.53388515,65.71186969
0.335,28.07552158,41.79199666,49.82507887,60.53294886,65.71138783
0.336,28.07494343,41.79124667,49.82449078,60.53201261,65.71090592
0.337,28.07436528,41.7904967,49.82390268,60.53107642,65.71042397
0.338,28.07378714,41.78974674,49.82331458,60.53014029,65.70994196
0.339,28.07320901,41.7889968,49.82272648,60.52920421,65.70945991
0.34,28.07263088,41.78824687,49.82213836,60.52826818,65.70897782
0.341,28.07205275,41.78749695,49.82155024,60.52733221,65.70849567
0.342,28.07147463,41.78674705,49.82096211,60.52639629,65.70801349
0.343,28.07089651,41.78599717,49.82037398,60.52546043,65.70753126
0.344,28.0703184,41.7852473,49.81978584,60.52452462,65.70704895
0.345,28.06974029,41.78449744,49.81919769,60.52358886,65.70656664
0.346,28.06916219,41.7837476,49.81860954,60.52265317,65.70608426
0.347,28.06858409,41.78299778,49.81802138,60.52171752,65.70560186
0.348,28.06800599,41.78224797,49.81743322,60.52078192,65.7051194
0.349,28.0674279,41.78149817,49.81684504,60.51984639,65.70463687
0.35,28.06684982,41.78074839,49.81625686,60.5189109,65.70415432
0.351,28.06627173,41.77999862,49.81566868,60.51797547,65.70367173
0.352,28.06569366,41.77924887,49.81508049,60.51704009,65.70318907
0.353,28.06511558,41.77849913,49.81449229,60.51610477,65.70270639
0.354,28.06453752,41.77774941,49.81390408,60.5151695,65.70222366
0.355,28.06395945,41.7769997,49.81331587,60.51423429,65.70174085
0.356,28.06338139,41.77625001,49.81272766,60.51329913,65.70125803
0.357,28.06280334,41.77550033,49.81213943,60.51236402,65.70077516
0.358,28.06222529,41.77475067,49.8115512,60.51142897,65.70029222
0.359,28.06164724,41.77400102,49.81096297,60.51049398,65.69980927
0.36,28.0610692,41.77325138,49.81037472,60.50955903,65.69932626
0.361,28.06049116,41.77250176,49.80978647,60.50862414,65.69884318
0.362,28.05991313,41.77175216,49.80919822,60.5076893,65.6983601
0.363,28.0593351,41.77100257,49.80860996,60.50675452,65.69787694
0.364,28.05875708,41.77025299,49.80802169,60.50581979,65.69739374
0.365,28.05817906,41.76950343,49.80743341,60.50488512,65.6969105
0.366,28.05760104,41.76875389,49.80684513,60.5039505,65.69642721
0.367,28.05702303,41.76800435,49.80625684,60.50301593,65.69594388
0.368,28.05644503,41.76725484,49.80566855,60.50208141,65.6954605
0.369,28.05586702,41.76650534,49.80508025,60.50114696,65.69497707
0.37,28.05528903,41.76575585,49.80449194,60.50021255,65.69449359
0.371,28.05471103,41.76500638,49.80390363,60.4992782,65.6940101
0.372,28.05413304,41.76425692,49.80331531,60.4983439,65.69352653
0.373,28.05355506,41.76350747,49.80272698,60.49740966,65.69304292
0.374,28.05297708,41.76275805,49.80213865,60.49647547,65.69255926
0.375,28.05239911,41.76200863,49.80155031,60.49554133,65.69207558
0.376,28.05182114,41.76125923,49.80096196,60.49460725,65.69159183
0.377,28.05124317,41.76050985,49.80037361,60.49367322,65.69110803
0.378,28.05066521,41.75976048,49.79978525,60.49273924,65.69062419
0.379,28.05008725,41.75901113,49.79919689,60.49180532,65.69014032
0.38,28.0495093,41.75826179,49.79860852,60.49087145,65.6896564
0.381,28.04893135,41.75751246,49.79802014,60.48993763,65.68917242
0.382,28.0483534,41.75676315,49.79743176,60.48900387,65.68868841
0.383,28.04777546,41.75601385,49.79684337,60.48807016,65.68820436
0.384,28.04719753,41.75526457,49.79625497,60.48713651,65.68772024
0.385,28.0466196,41.75451531,49.79566657,60.48620291,65.6872361
0.386,28.04604167,41.75376605,49.79507816,60.48526936,65.68675188
0.387,28.04546375,41.75301682,49.79448974,60.48433587,65.68626765
0.388,28.04488583,41.75226759,49.79390132,60.48340243,65.68578335
0.389,28.04430792,41.75151839,49.79331289,60.48246904,65.68529903
0.39,28.04373001,41.75076919,49.79272445,60.48153571,65.68481465
0.391,28.04315211,41.75002001,49.79213601,60.48060243,65.68433023
0.392,28.04257421,41.74927085,49.79154757,60.4796692,65.68384575
0.393,28.04199631,41.7485217,49.79095911,60.47873603,65.68336125
0.394,28.04141842,41.74777257,49.79037065,60.47780291,65.6828767
0.395,28.04084054,41.74702345,49.78978218,60.47686984,65.68239209
0.396,28.04026265,41.74627434,49.78919371,60.47593683,65.68190743
0.397,28.03968478,41.74552525,49.78860523,60.47500387,65.68142273
0.398,28.0391069,41.74477618,49.78801675,60.47407096,65.68093801
0.399,28.03852904,41.74402712,49.78742825,60.47313811,65.68045323
0.4,28.03795117,41.74327807,49.78683975,60.47220531,65.6799684
0.401,28.03737331,41.74252904,49.78625125,60.47127257,65.67948351
0.402,28.03679546,41.74178002,49.78566274,60.47033987,65.67899859
0.403,28.03621761,41.74103102,49.78507422,60.46940723,65.67851364
0.404,28.03563976,41.74028203,49.7844857,60.46847464,65.67802862
0.405,28.03506192,41.73953306,49.78389717,60.46754211,65.67754354
0.406,28.03448408,41.7387841,49.78330863,60.46660963,65.67705845
0.407,28.03390625,41.73803516,49.78272009,60.46567721,65.67657332
0.408,28.03332842,41.73728623,49.78213154,60.46474483,65.67608812
0.409,28.0327506,41.73653731,49.78154298,60.46381251,65.67560289
0.41,28.03217278,41.73578841,49.78095442,60.46288024,65.67511761
0.411,28.03159496,41.73503953,49.78036585,60.46194803,65.67463228
0.412,28.03101715,41.73429066,49.77977728,60.46101587,65.67414691
0.413,28.03043934,41.7335418,49.77918869,60.46008376,65.6736615
0.414,28.02986154,41.73279296,49.77860011,60.45915171,65.67317605
0.415,28.02928375,41.73204414,49.77801151,60.45821971,65.67269055
0.416,28.02870595,41.73129533,49.77742291,60.45728776,65.67220499
0.417,28.02812816,41.73054653,49.77683431,60.45635586,65.67171939
0.418,28.02755038,41.72979775,49.77624569,60.45542402,65.67123375
0.419,28.0269726,41.72904898,49.77565707,60.45449223,65.67074807
0.42,28.02639483,41.72830023,49.77506845,60.45356049,65.67026235
0.421,28.02581705,41.72755149,49.77447982,60.45262881,65.66977656
0.422,28.02523929,41.72680276,49.77389118,60.45169718,65.66929076
0.423,28.02466153,41.72605406,49.77330253,60.4507656,65.6688049
0.424,28.02408377,41.72530536,49.77271388,60.44983408,65.66831897
0.425,28.02350602,41.72455668,49.77212523,60.4489026,65.66783304
0.426,28.02292827,41.72380802,49.77153656,60.44797119,65.66734703
0.427,28.02235052,41.72305937,49.77094789,60.44703982,65.66686098
0.428,28.02177279,41.72231073,49.77035922,60.44610851,65.6663749
0.429,28.02119505,41.72156211,49.76977053,60.44517725,65.66588877
0.43,28.02061732,41.7208135,49.76918185,60.44424604,65.66540261
0.431,28.02003959,41.72006491,49.76859315,60.44331489,65.66491638
0.432,28.01946187,41.71931634,49.76800445,60.44238379,65.66443012
0.433,28.01888415,41.71856777,49.76741574,60.44145274,65.66394381
0.434,28.01830644,41.71781923,49.76682703,60.44052174,65.66345746
0.435,28.01772873,41.71707069,49.76623831,60.4395908,65.66297106
0.436,28.01715103,41.71632217,49.76564958,60.43865991,65.66248462
0.437,28.01657333,41.71557367,49.76506085,60.43772907,65.66199813
0.438,28.01599564,41.71482518,49.76447211,60.43679829,65.6615116
0.439,28.01541794,41.71407671,49.76388336,60.43586756,65.66102502
0.44,28.01484026,41.71332825,49.76329461,60.43493688,65.66053841
0.441,28.01426258,41.7125798,49.76270585,60.43400625,65.66005173
0.442,28.0136849,41.71183137,49.76211709,60.43307568,65.65956501
0.443,28.01310723,41.71108296,49.76152832,60.43214515,65.65907827
0.444,28.01252956,41.71033455,49.76093954,60.43121468,65.65859147
0.445,28.01195189,41.70958617,49.76035076,60.43028427,65.65810464
0.446,28.01137424,41.7088378,49.75976197,60.42935391,65.65761774
0.447,28.01079658,41.70808944,49.75917317,60.4284236,65.65713082
0.448,28.01021893,41.7073411,49.75858437,60.42749334,65.65664383
0.449,28.00964128,41.70659277,49.75799556,60.42656313,65.65615682
0.45,28.00906364,41.70584445,49.75740675,60.42563298,65.65566975
0.451,28.00848601,41.70509616,49.75681793,60.42470288,65.65518265
0.452,28.00790837,41.70434787,49.7562291,60.42377283,65.65469548
0.453,28.00733074,41.7035996,49.75564027,60.42284283,65.65420829
0.454,28.00675312,41.70285135,49.75505143,60.42191289,65.65372107
0.455,28.0061755,41.70210311,49.75446258,60.420983,65.65323376
0.456,28.00559789,41.70135488,49.75387373,60.42005316,65.65274645
0.457,28.00502028,41.70060667,49.75328487,60.41912338,65.65225906
0.458,28.00444267,41.69985847,49.752696,60.41819364,65.65177164
0.459,28.00386507,41.69911029,49.75210713,60.41726396,65.65128419
0.46,28.00328747,41.69836212,49.75151826,60.41633433,65.65079667
0.461,28.00270988,41.69761397,49.75092937,60.41540476,65.65030913
0.462,28.00213229,41.69686583,49.75034048,60.41447524,65.64982154
0.463,28.00155471,41.69611771,49.74975159,60.41354576,65.64933389
0.464,28.00097713,41.6953696,49.74916268,60.41261634,65.64884622
0.465,28.00039955,41.69462151,49.74857377,60.41168698,65.6483585
0.466,27.99982198,41.69387343,49.74798486,60.41075767,65.64787072
0.467,27.99924442,41.69312536,49.74739594,60.4098284,65.64738291
0.468,27.99866686,41.69237731,49.74680701,60.40889919,65.64689503
0.469,27.9980893,41.69162928,49.74621808,60.40797004,65.64640713
0.47,27.99751175,41.69088126,49.74562914,60.40704093,65.6459192
0.471,27.9969342,41.69013325,49.74504019,60.40611188,65.6454312
0.472,27.99635665,41.68938526,49.74445124,60.40518288,65.64494317
0.473,27.99577912,41.68863728,49.74386228,60.40425393,65.64445508
0.474,27.99520158,41.68788932,49.74327331,60.40332503,65.64396696
0.475,27.99462405,41.68714137,49.74268434,60.40239619,65.64347879
0.476,27.99404652,41.68639344,49.74209536,60.4014674,65.64299059
0.477,27.993469,41.68564552,49.74150638,60.40053866,65.64250234
0.478,27.99289149,41.68489761,49.74091739,60.39960997,65.64201403
0.479,27.99231397,41.68414973,49.74032839,60.39868134,65.64152568
0.48,27.99173647,41.68340185,49.73973939,60.39775275,65.64103732
0.481,27.99115896,41.68265399,49.73915038,60.39682422,65.64054888
0.482,27.99058146,41.68190614,49.73856137,60.39589574,65.64006039
0.483,27.99000397,41.68115831,49.73797235,60.39496732,65.63957189
0.484,27.98942648,41.6804105,49.73738332,60.39403894,65.63908333
0.485,27.98884899,41.67966269,49.73679429,60.39311062,65.63859473
0.486,27.98827151,41.67891491,49.73620525,60.39218234,65.63810608
0.487,27.98769403,41.67816713,49.7356162,60.39125413,65.63761736
0.488,27.98711656,41.67741938,49.73502715,60.39032596,65.63712866
0.489,27.98653909,41.67667163,49.73443809,60.38939784,65.63663986
0.49,27.98596163,41.6759239,49.73384902,60.38846978,65.63615103
0.491,27.98538417,41.67517619,49.73325995,60.38754177,65.63566216
0.492,27.98480672,41.67442849,49.73267088,60.38661381,65.63517326
0.493,27.98422927,41.6736808,49.73208179,60.3856859,65.63468431
0.494,27.98365182,41.67293313,49.7314927,60.38475805,65.63419531
0.495,27.98307438,41.67218548,49.73090361,60.38383025,65.63370626
0.496,27.98249694,41.67143784,49.7303145,60.3829025,65.63321717
0.497,27.98191951,41.67069021,49.7297254,60.38197479,65.63272804
0.498,27.98134208,41.6699426,49.72913628,60.38104715,65.63223887
0.499,27.98076466,41.669195,49.72854716,60.38011955,65.63174968
0.5,27.98018724,41.66844742,49.72795803,60.37919201,65.63126042
